industry,job title,python,sql,tensor,keras,pytorch,spark,hadoop,aws,tableau,big_data,bi,flink,scikit,mongo,google_an,avg_salary
-1,Data Scientist,0,0,0,0,0,0,0,0,0,0,0,0,0,0,0,136.0
-1,Data Scientist,0,0,0,0,0,0,0,0,0,0,0,0,0,0,0,136.0
-1,Data Scientist,0,0,0,0,0,0,0,0,0,0,0,0,0,0,0,114.0
-1,Data Scientist,0,0,0,0,0,0,0,0,0,0,0,0,0,0,0,134.0
-1,Data Scientist,0,0,0,0,0,0,0,1,0,0,0,0,0,0,0,161.0
-1,"Sr. Research Associate/ Scientist, NGS prep & Molecular Genomics",0,0,0,0,0,0,0,0,0,0,0,0,0,0,0,148.0
-1,Data Scientist,0,0,0,0,0,0,0,0,0,0,0,0,0,0,0,183.0
-1,Data Analyst I,0,0,0,0,0,0,0,0,0,0,0,0,0,0,0,103.0
-1,ELISA RESEARCH SCIENTIST (CV-15),0,0,0,0,0,0,0,0,0,0,0,0,0,0,0,99.0
-1,Data Scientist,0,0,0,0,0,0,0,0,0,0,0,0,0,0,0,107.0
-1,Data Scientist,0,0,0,0,0,0,0,0,0,0,0,0,0,0,0,120.0
-1,Data Scientist,0,0,0,0,0,0,0,0,0,0,0,0,0,0,0,123.0
-1,Data Scientist,0,0,0,0,0,0,0,0,0,0,0,0,0,0,0,107.0
-1,"Senior Scientist, Cell Pharmacology/Assay Development",0,0,0,0,0,0,0,0,0,0,0,0,0,0,0,120.0
-1,"Senior Scientist, Cell Pharmacology/Assay Development",0,0,0,0,0,0,0,0,0,0,0,0,0,0,0,120.0
-1,"Principal Research Scientist/Team Lead, Medicinal Chemistry - Oncology",0,0,0,0,0,0,0,0,0,0,0,0,0,0,0,132.5
-1,Data Engineer,0,1,0,0,0,0,0,0,0,0,0,0,0,0,0,98.5
-1,Data Scientist,0,0,0,0,0,0,0,1,0,0,0,0,0,0,0,136.0
-1,Data Scientist,0,0,0,0,0,0,0,0,0,1,0,0,0,0,0,185.0
-1,"Scientist / Group Lead, Cancer Biology",0,0,0,0,0,0,0,0,0,0,0,0,0,0,0,271.0
-1,Data Scientist,0,0,0,0,0,1,1,1,0,1,0,0,0,0,0,271.0
-1,Data Scientist,0,0,0,0,0,0,0,0,0,1,0,0,0,0,0,106.0
-1,Data Scientist,0,0,0,0,0,0,0,0,0,0,0,0,0,0,0,106.0
-1,Data Scientist,0,0,0,0,0,0,0,0,0,0,0,0,0,0,0,113.0
-1,Data Scientist,0,0,0,0,0,0,0,0,0,0,0,0,0,0,0,114.0
-1,"Scientist / Group Lead, Cancer Biology",0,0,0,0,0,0,0,0,0,0,0,0,0,0,0,123.0
-1,"Scientist – Cancer Discovery, Molecular Assay",0,0,0,0,0,0,0,0,0,0,0,0,0,0,0,117.5
-1,"Research Scientist, Immunology - Cancer Biology",0,0,0,0,0,0,0,0,0,0,0,0,0,0,0,120.0
-1,"Research Scientist, Immunology - Cancer Biology",0,0,0,0,0,0,0,0,0,0,0,0,0,0,0,120.0
-1,"Research Scientist, Immunology - Cancer Biology",0,0,0,0,0,0,0,0,0,0,0,0,0,0,0,120.0
-1,Data Scientist,1,1,1,0,0,0,0,0,0,0,0,0,0,0,0,110.5
-1,Data Engineer,1,0,0,0,0,1,1,1,0,1,0,0,0,0,0,133.0
-1,Machine Learning Engineer,1,0,0,0,0,0,0,0,0,0,0,0,0,0,0,133.0
-1,Data Scientist,1,0,0,0,0,0,1,0,0,0,0,0,0,0,0,136.0
-1,Data Scientist,1,0,0,0,0,0,0,0,0,0,0,0,0,0,0,136.0
-1,Data Scientist,1,0,0,0,0,1,0,1,0,0,0,0,0,0,0,134.0
-1,Data Scientist,1,0,0,0,0,1,1,0,0,1,0,0,0,0,0,134.0
-1,Data Scientist,1,0,0,0,0,0,0,0,0,0,0,0,0,0,0,161.0
-1,Data Scientist,1,0,0,0,0,0,0,0,0,0,0,0,0,0,0,164.0
-1,Data Scientist,1,0,0,0,0,0,0,1,0,0,0,0,0,0,0,185.0
-1,Data Scientist,1,0,0,0,0,0,0,0,0,0,0,0,0,0,0,271.0
-1,Data Scientist,1,0,0,0,0,0,0,0,0,0,0,0,0,0,0,76.0
-1,Data Scientist,1,0,0,0,0,0,0,0,0,0,0,0,0,0,0,92.0
-1,Data Scientist,1,0,0,0,0,1,1,1,1,0,0,0,0,0,0,92.0
-1,Data Scientist,1,0,0,0,0,0,0,0,0,0,0,0,0,0,0,106.0
-1,Data Scientist,1,0,0,0,0,0,0,0,0,0,0,0,0,0,0,113.0
-1,Data Scientist,1,0,0,0,0,0,0,0,0,0,0,0,0,0,0,114.0
-1,Data Scientist,1,0,0,0,0,0,0,0,0,0,0,0,0,0,0,107.0
-1,Data Scientist,1,0,0,0,0,0,0,1,1,0,0,0,0,0,0,120.0
-1,Data Scientist,1,0,0,0,0,0,0,0,0,0,0,0,0,0,0,120.0
-1,Data Scientist,1,0,0,0,0,1,0,1,0,0,0,0,0,0,0,107.0
-1,Data Scientist,1,0,0,0,0,0,1,0,1,0,0,0,0,0,0,136.0
-1,Data Scientist,1,0,0,0,0,1,1,1,1,1,0,0,0,0,0,136.0
-1,Data Scientist,1,0,0,0,0,1,0,0,1,0,0,0,0,0,0,136.0
-1,Data Scientist,1,0,0,0,0,1,0,0,1,0,0,0,0,0,0,164.0
-1,Data Scientist,1,0,0,0,0,1,0,1,0,1,0,0,0,0,0,183.0
-1,Data Scientist,1,0,0,0,0,0,0,0,1,0,0,0,0,0,0,183.0
-1,Data Scientist,1,0,0,0,0,0,0,0,0,0,0,0,0,0,0,185.0
-1,Data Scientist,1,0,0,0,0,0,1,0,0,0,0,0,0,0,0,43.0
-1,Data Scientist,1,0,0,0,0,1,1,0,0,0,0,0,0,0,0,43.0
-1,Data Scientist,1,0,0,0,0,1,0,1,0,1,0,0,0,0,0,76.0
-1,Data Scientist,1,0,0,0,0,0,0,0,1,0,0,0,0,0,0,89.0
-1,Data Scientist,1,0,0,0,0,0,1,0,1,0,0,0,0,0,0,106.0
-1,Data Scientist,1,0,0,0,0,0,0,0,0,0,0,0,0,0,0,106.0
-1,Data Scientist,1,0,0,0,0,0,0,0,0,0,0,0,0,0,0,106.0
-1,Data Scientist,1,0,0,0,0,0,1,0,0,1,0,0,0,0,0,106.0
-1,Data Scientist,1,0,0,0,0,0,0,1,0,1,0,0,0,0,0,114.0
-1,Data Scientist,1,0,0,0,0,0,0,0,0,0,0,0,0,0,0,107.0
-1,Data Scientist,1,0,0,0,0,0,1,0,0,1,0,0,0,0,0,107.0
-1,Data Operations Lead,1,1,0,0,0,0,0,0,1,0,0,0,0,0,0,87.5
Accounting,Data Scientist,1,1,0,0,0,1,0,0,0,0,0,0,0,0,0,113.5
Accounting,Data Scientist,1,0,0,0,0,0,0,0,0,0,0,0,0,0,0,106.0
Accounting,Data Scientist,1,0,0,0,0,0,0,0,0,0,0,0,0,0,0,107.0
Accounting,Data Scientist,1,0,0,0,0,1,1,1,0,0,0,0,0,0,0,161.0
Advertising & Marketing,Data Scientist,0,0,0,0,0,0,0,0,0,0,0,0,0,0,0,164.5
Advertising & Marketing,Data Scientist,0,0,0,0,0,0,0,0,0,0,0,0,0,0,0,164.5
Advertising & Marketing,Data Scientist,0,1,0,0,0,0,0,0,0,0,0,0,0,0,0,87.5
Advertising & Marketing,Senior Data Scientist,0,0,0,0,0,0,0,0,1,0,0,0,0,0,0,110.0
Advertising & Marketing,Senior Data Engineer,0,1,0,0,0,1,0,1,0,0,0,0,0,0,0,134.0
Advertising & Marketing,Senior Data Scientist,0,0,0,0,0,0,0,0,0,0,0,0,0,0,0,136.0
Advertising & Marketing,Data Scientist,0,0,0,0,0,0,0,0,0,0,0,0,0,0,0,154.0
Advertising & Marketing,Data Scientist,0,0,0,0,0,0,0,0,0,0,0,0,0,0,0,92.0
Advertising & Marketing,Senior Data Scientist,0,0,0,0,0,0,0,0,0,0,0,0,0,0,0,115.0
Advertising & Marketing,Jr. Business Data Analyst,0,0,0,0,0,0,0,0,0,0,0,0,0,0,1,56.5
Advertising & Marketing,Analytics Manager,0,1,0,0,0,0,0,0,1,0,0,0,0,0,0,87.5
Advertising & Marketing,Analytics Manager,0,1,0,0,0,0,0,0,1,0,0,0,0,0,0,87.5
Advertising & Marketing,Market Research Data Scientist,0,0,0,0,0,0,0,0,0,0,0,0,0,0,0,136.0
Advertising & Marketing,Jr. Business Data Analyst (position added 6/12/2020),0,0,0,0,0,0,0,0,0,0,0,0,0,0,0,76.0
Advertising & Marketing,Analytics Manager,0,0,0,0,0,0,0,0,1,0,0,0,0,0,0,99.0
Advertising & Marketing,Data Scientist - Research,1,1,0,0,0,0,0,0,1,0,0,0,0,0,0,56.5
Advertising & Marketing,Data Scientist,1,1,0,0,0,1,0,0,0,0,0,0,0,0,0,96.5
Advertising & Marketing,Staff BI and Data Engineer,1,1,0,0,0,1,0,0,1,0,0,0,0,0,0,114.0
Advertising & Marketing,Staff BI and Data Engineer,1,1,0,0,0,1,0,0,1,0,0,0,0,0,0,114.0
Advertising & Marketing,Data Scientist,1,0,0,0,0,1,1,0,0,1,0,0,0,0,0,136.0
Advertising & Marketing,Data Scientist,1,0,0,0,0,0,0,0,0,1,0,0,0,0,0,161.0
Advertising & Marketing,Data Engineer,1,0,0,0,0,0,0,0,0,0,0,0,0,0,0,148.0
Advertising & Marketing,Senior Data Engineer,1,0,0,0,0,1,1,0,1,0,0,0,0,0,0,148.0
Advertising & Marketing,Data Scientist,1,0,0,0,0,0,0,0,0,0,0,0,0,0,0,106.0
Advertising & Marketing,Staff BI and Data Engineer,1,0,0,0,0,1,0,0,1,1,0,0,0,0,0,107.0
Advertising & Marketing,Director Data Science,1,1,0,0,0,0,0,1,1,0,1,0,0,0,0,161.5
Advertising & Marketing,Director Data Science,1,1,0,0,0,0,0,1,1,0,1,0,0,0,0,161.5
Advertising & Marketing,Data Analyst,1,1,0,0,0,1,0,1,1,0,1,0,0,0,0,65.5
Advertising & Marketing,Data Engineer,1,1,0,0,0,1,1,1,0,0,0,0,0,0,0,71.5
Advertising & Marketing,Data Engineer,1,1,0,0,0,1,1,1,0,0,0,0,0,0,0,71.5
Advertising & Marketing,Data Scientist,1,1,0,0,0,0,0,0,0,0,0,0,0,0,1,83.5
Advertising & Marketing,Data Scientist,1,1,0,0,0,0,1,0,1,0,0,0,0,0,0,91.0
Advertising & Marketing,Data Scientist,1,1,0,0,0,0,1,0,1,0,0,0,0,0,0,91.0
Advertising & Marketing,Lead Data Scientist,1,1,0,0,0,0,0,0,0,0,1,0,1,0,0,100.0
Advertising & Marketing,Data Scientist,1,1,0,0,0,1,0,1,0,0,0,0,0,0,0,104.5
Advertising & Marketing,Data Scientist,1,1,0,0,0,1,0,1,0,0,0,0,0,0,0,104.5
Advertising & Marketing,Data Scientist,1,1,0,0,0,0,0,0,0,0,0,0,0,0,0,114.5
Advertising & Marketing,Data Scientist,1,1,0,0,0,0,1,1,1,0,1,0,0,0,0,114.0
Advertising & Marketing,Data Scientist,1,0,0,0,0,0,1,0,1,1,0,0,0,0,0,136.0
Advertising & Marketing,Data Scientist,1,0,0,0,0,0,0,0,0,0,0,0,0,0,0,154.0
Advertising & Marketing,Principal Data Scientist - Machine Learning,1,0,0,0,0,1,1,1,0,1,0,0,0,0,0,76.0
Advertising & Marketing,Data Scientist,1,0,0,0,0,0,0,0,1,0,0,0,0,0,0,92.0
Advertising & Marketing,Data Analyst,1,0,0,0,0,0,0,0,1,0,0,0,0,0,0,103.0
Advertising & Marketing,Data Engineer (Remote),1,0,0,0,0,1,1,1,0,0,0,0,0,0,0,105.0
Advertising & Marketing,Data Engineer,1,0,0,0,0,0,0,0,0,0,0,0,0,0,0,99.0
Advertising & Marketing,Data Engineer,1,0,0,0,0,1,1,1,0,0,0,0,0,0,0,99.0
Advertising & Marketing,Principal Data Scientist - Machine Learning,1,0,0,0,0,1,1,1,0,1,0,0,0,0,0,107.0
Advertising & Marketing,Data Engineer,1,0,0,0,0,1,1,1,0,0,0,0,0,0,0,115.0
Aerospace & Defense,Spectral Scientist/Engineer,0,0,0,0,0,0,0,0,0,0,0,0,0,0,0,86.5
Aerospace & Defense,Geospatial Data Scientist,0,0,0,0,0,0,0,0,0,0,0,0,0,0,0,133.0
Aerospace & Defense,Data Scientist,0,0,0,0,0,0,0,1,0,1,0,0,0,0,0,133.0
Aerospace & Defense,Applied Computer Scientist,0,0,0,0,0,0,0,0,0,0,0,0,0,0,0,136.0
Aerospace & Defense,Applied Computer Scientist,0,0,0,0,0,0,0,0,0,0,0,0,0,0,0,148.0
Aerospace & Defense,Data Scientist,0,0,0,0,0,0,0,0,0,0,0,0,0,0,0,113.0
Aerospace & Defense,Data Scientist,0,0,0,0,0,0,0,0,0,0,0,0,0,0,0,106.0
Aerospace & Defense,Data Scientist,0,0,0,0,0,0,0,1,0,0,0,0,0,0,0,114.0
Aerospace & Defense,Systems Engineer II - Data Analyst,0,0,0,0,0,0,0,0,0,0,0,0,0,0,0,62.5
Aerospace & Defense,Systems Engineer II - Data Analyst,0,0,0,0,0,0,0,0,0,0,0,0,0,0,0,62.5
Aerospace & Defense,Data Scientist,0,1,0,0,0,0,0,0,1,0,0,0,0,0,0,109.5
Aerospace & Defense,Data Scientist,0,1,0,0,0,0,0,0,1,0,0,0,0,0,0,109.5
Aerospace & Defense,Data Scientist,0,0,0,0,0,0,0,1,0,0,0,0,0,0,0,136.0
Aerospace & Defense,Decision Scientist,0,0,0,0,0,1,0,0,0,0,0,0,0,0,0,134.0
Aerospace & Defense,Data Scientist,0,0,0,0,0,0,0,0,0,0,0,0,0,0,0,185.0
Aerospace & Defense,Data Scientist,0,0,0,0,0,0,0,1,0,0,0,0,0,0,0,271.0
Aerospace & Defense,Decision Scientist,0,0,0,0,0,1,0,0,0,0,0,0,0,0,0,43.0
Aerospace & Defense,Decision Scientist,0,0,0,0,0,1,0,0,0,0,0,0,0,0,0,106.0
Aerospace & Defense,Data Scientist,0,0,0,0,0,0,0,0,0,0,0,0,0,0,0,123.0
Aerospace & Defense,Principal Data Scientist,1,0,0,0,0,0,0,0,0,0,0,0,0,0,0,173.0
Aerospace & Defense,Principal Data Scientist,1,0,0,0,0,0,0,0,0,0,0,0,0,0,0,173.0
Aerospace & Defense,Machine Learning Engineer,1,0,0,0,0,0,0,0,0,0,0,0,0,0,0,87.0
Aerospace & Defense,Machine Learning Engineer,1,0,0,0,0,0,0,0,0,0,0,0,0,0,0,87.0
Aerospace & Defense,Data Scientist,1,0,1,1,1,0,0,0,0,0,0,0,0,0,0,96.0
Aerospace & Defense,Software Engineer Staff Scientist: Human Language Technologies,1,1,0,0,0,0,0,0,0,0,0,0,0,0,0,99.0
Aerospace & Defense,Data Engineer,1,1,0,0,0,1,1,0,0,0,0,0,0,0,0,105.5
Aerospace & Defense,Data Scientist,1,1,0,0,0,0,0,0,0,0,0,0,0,0,0,101.0
Aerospace & Defense,Data Scientist,1,0,1,0,1,0,0,1,0,0,0,0,0,0,0,101.5
Aerospace & Defense,Big Data Engineer,1,1,0,0,0,1,1,0,0,0,0,0,0,0,0,118.5
Aerospace & Defense,Data Scientist,1,0,0,0,0,0,1,0,0,1,0,0,0,0,0,136.0
Aerospace & Defense,Data Scientist (TS/SCI w/ Poly),1,0,0,0,0,0,0,0,0,0,0,0,0,0,0,136.0
Aerospace & Defense,Weapons and Sensors Engineer/Scientist,1,0,0,0,0,0,0,0,0,0,0,0,0,0,0,136.0
Aerospace & Defense,Data Scientist,1,0,0,0,0,0,1,0,0,1,0,0,0,0,0,114.0
Aerospace & Defense,Data Scientist,1,0,0,0,0,1,1,0,1,0,0,0,0,0,0,114.0
Aerospace & Defense,Data Scientist,1,0,0,0,0,0,0,0,0,1,0,0,0,0,0,161.0
Aerospace & Defense,Data Scientist Technical Specialist,1,0,0,0,0,1,1,0,0,1,0,0,0,0,0,164.0
Aerospace & Defense,Data Scientist-Human Resources,1,0,0,0,0,1,1,0,0,1,0,0,0,0,0,154.0
Aerospace & Defense,Data Scientist (TS/SCI w/ Poly),1,0,0,0,0,0,0,0,0,0,0,0,0,0,0,148.0
Aerospace & Defense,Weapons and Sensors Engineer/Scientist,1,0,0,0,0,0,0,0,0,0,0,0,0,0,0,148.0
Aerospace & Defense,Data Engineer,1,0,0,0,0,0,0,1,0,0,0,0,0,0,0,148.0
Aerospace & Defense,Data Scientist Machine Learning,1,0,0,0,0,0,0,1,0,0,0,0,0,0,0,183.0
Aerospace & Defense,Data Scientist,1,0,0,0,0,1,1,0,1,0,0,0,0,0,0,271.0
Aerospace & Defense,Data Scientist,1,0,0,0,0,0,0,0,0,0,0,0,0,0,0,76.0
Aerospace & Defense,Data Scientist,1,0,0,0,0,0,0,0,0,0,0,0,0,0,0,97.0
Aerospace & Defense,Machine Learning Engineer,1,0,0,0,0,0,0,0,0,0,0,0,0,0,0,92.0
Aerospace & Defense,Machine Learning Engineer,1,0,0,0,0,0,0,0,0,0,0,0,0,0,0,113.0
Aerospace & Defense,Computer Scientist 1,1,0,0,0,0,0,0,0,0,0,0,0,0,0,0,107.0
Aerospace & Defense,Data Scientist-Human Resources,1,0,0,0,0,1,1,0,0,1,0,0,0,0,0,120.0
Aerospace & Defense,Data Scientist,1,0,0,0,0,1,1,0,1,0,0,0,0,0,0,123.0
Aerospace & Defense,Data Scientist (TS/SCI),1,0,0,0,0,0,0,0,0,1,0,0,0,0,0,115.0
Aerospace & Defense,Data Scientist,1,0,0,0,0,0,0,0,0,0,0,0,0,0,0,130.0
Aerospace & Defense,Data Science Analyst,1,0,0,0,0,0,0,0,1,0,0,0,0,0,0,68.0
Aerospace & Defense,Radar Data Analyst,1,0,0,0,0,0,0,0,0,0,0,0,0,0,0,59.0
Aerospace & Defense,Radar Data Analyst,1,0,0,0,0,0,0,0,0,0,0,0,0,0,0,59.0
Aerospace & Defense,Data Scientist,1,0,0,0,0,0,0,0,1,0,1,0,0,0,0,72.0
Aerospace & Defense,Data Scientist,1,1,0,0,0,1,1,0,1,0,0,0,0,0,0,89.0
Aerospace & Defense,Machine Learning Engineer,1,1,1,0,0,1,1,1,0,0,0,0,0,0,0,100.5
Aerospace & Defense,Data Scientist,1,1,1,0,1,1,1,0,0,0,0,0,1,0,0,107.0
Aerospace & Defense,Data Scientist,1,0,0,0,0,0,1,0,0,0,0,0,1,0,0,110.0
Aerospace & Defense,Data Scientist,1,1,1,0,1,1,1,0,0,0,0,0,1,0,0,110.0
Aerospace & Defense,Senior Data Scientist,1,0,0,0,0,0,0,0,0,1,0,0,0,0,0,134.0
Aerospace & Defense,"Machine Learning Engineer, Sr.",1,0,0,0,0,0,0,1,0,1,0,0,0,0,0,148.0
Aerospace & Defense,Senior Data Scientist,1,0,0,0,0,0,0,0,0,1,0,0,0,0,0,271.0
Aerospace & Defense,Data Scientist,1,0,0,0,0,0,0,0,1,0,0,0,0,0,0,43.0
Aerospace & Defense,Machine Learning Engineer,1,0,0,0,0,0,0,0,0,0,0,0,0,0,0,103.0
Aerospace & Defense,Senior Data Scientist,1,0,0,0,0,0,0,0,0,1,0,0,0,0,0,92.0
Aerospace & Defense,Data Scientist,1,0,0,0,0,0,1,0,0,0,0,0,0,0,0,114.0
Aerospace & Defense,Machine Learning Engineer,1,0,0,0,0,0,0,0,0,0,0,0,0,0,0,99.0
Aerospace & Defense,Senior Data Scientist,1,0,0,0,0,0,0,0,0,1,0,0,0,0,0,123.0
Aerospace & Defense,Machine Learning Engineer,1,0,0,0,0,1,1,1,0,0,0,0,0,0,0,115.0
Aerospace & Defense,Data Scientist,1,0,0,0,0,0,0,0,1,0,0,0,0,0,0,115.0
Architectural & Engineering Services,Project Scientist,0,0,0,0,0,0,0,0,0,0,0,0,0,0,0,39.5
Architectural & Engineering Services,Staff Scientist,0,0,0,0,0,0,0,0,0,0,0,0,0,0,0,60.5
Architectural & Engineering Services,Associate Environmental Scientist - Wildlife Biologist,0,0,0,0,0,0,0,0,0,0,0,0,0,0,0,51.0
Architectural & Engineering Services,Associate Environmental Scientist - Wildlife Biologist,0,0,0,0,0,0,0,0,0,0,0,0,0,0,0,51.0
Architectural & Engineering Services,Data Scientist,1,0,0,0,0,0,0,0,0,0,0,0,0,0,0,183.0
Architectural & Engineering Services,Data Scientist,1,0,0,0,0,1,1,1,1,0,0,0,0,0,0,120.0
Architectural & Engineering Services,Data Scientist,1,0,0,0,0,0,0,0,0,0,0,0,0,0,0,161.0
Auctions & Galleries,Data Scientist,1,0,0,0,0,0,0,0,0,0,0,0,0,0,0,128.0
Banks & Credit Unions,Information Security Data Analyst,0,1,0,0,0,0,0,1,0,0,0,0,0,0,0,58.0
Banks & Credit Unions,Cloud Data Engineer (Azure),0,0,0,0,0,0,0,0,1,0,0,0,0,0,0,136.0
Banks & Credit Unions,Enterprise Data Analyst (Enterprise Portfolio Management Office),0,0,0,0,0,1,0,0,1,0,0,0,0,0,0,148.0
Banks & Credit Unions,Cloud Data Engineer (Azure),0,0,0,0,0,0,0,0,1,0,0,0,0,0,0,148.0
Banks & Credit Unions,Diversity and Inclusion Data Analyst,0,0,0,0,0,0,0,1,1,0,0,0,0,0,0,120.0
Banks & Credit Unions,Corporate Risk Data Analyst (SQL Based) - Milwaukee or,0,0,0,0,0,0,0,1,0,0,0,0,0,0,0,60.0
Banks & Credit Unions,Corporate Risk Data Analyst (SQL Based) - Milwaukee or,0,0,0,0,0,0,0,1,0,0,0,0,0,0,0,60.0
Banks & Credit Unions,Data Scientist,0,0,0,0,0,0,0,0,0,0,0,0,0,0,0,73.5
Banks & Credit Unions,Data Scientist,0,0,0,0,0,0,0,0,0,0,0,0,0,0,0,73.5
Banks & Credit Unions,Data Scientist,0,1,0,0,0,0,0,0,0,0,0,0,0,0,0,100.5
Banks & Credit Unions,Applied Technology Researcher / Data Scientist,0,0,0,0,0,0,0,0,1,0,0,0,0,0,0,115.0
Banks & Credit Unions,Marketing Data Analyst,1,1,0,0,0,0,0,0,1,0,1,0,0,0,0,49.0
Banks & Credit Unions,Marketing Data Analyst,1,1,0,0,0,0,0,0,1,0,1,0,0,0,0,49.0
Banks & Credit Unions,"Associate, Data Science, Internal Audit",1,1,0,0,0,0,0,0,0,0,0,0,0,0,0,62.5
Banks & Credit Unions,"Associate, Data Science, Internal Audit",1,1,0,0,0,0,0,0,0,0,0,0,0,0,0,62.5
Banks & Credit Unions,Data Scientist,1,1,1,1,0,1,0,1,1,0,0,0,1,0,0,99.5
Banks & Credit Unions,Data Scientist,1,1,1,1,0,1,0,1,1,0,0,0,1,0,0,99.5
Banks & Credit Unions,Data Analyst,1,0,0,0,0,0,0,0,0,0,0,0,0,0,0,133.0
Beauty & Personal Accessories Stores,Data Analyst Chemist - Quality System Contractor,0,0,0,0,0,0,0,0,0,0,0,0,0,0,0,85.5
Biotech & Pharmaceuticals,"Sr. Scientist, Quantitative Translational Sciences",0,0,0,0,0,0,0,0,0,0,0,0,0,0,0,161.5
Biotech & Pharmaceuticals,"Sr. Scientist, Quantitative Translational Sciences",0,0,0,0,0,0,0,0,0,0,0,0,0,0,0,161.5
Biotech & Pharmaceuticals,"Director, Precision Medicine Clinical Biomarker Scientist",0,0,0,0,0,0,0,1,0,0,0,0,0,0,0,172.0
Biotech & Pharmaceuticals,"Scientist, Analytical Development",0,0,0,0,0,0,0,0,0,0,0,0,0,0,0,62.0
Biotech & Pharmaceuticals,"Scientist, Analytical Development",0,0,0,0,0,0,0,0,0,0,0,0,0,0,0,62.0
Biotech & Pharmaceuticals,Scientist - Biomarker and Flow Cytometry,0,0,0,0,0,0,0,0,0,0,0,0,0,0,0,70.5
Biotech & Pharmaceuticals,Scientist - Biomarker and Flow Cytometry,0,0,0,0,0,0,0,0,0,0,0,0,0,0,0,70.5
Biotech & Pharmaceuticals,Scientist - Biomarker and Flow Cytometry,0,0,0,0,0,0,0,0,0,0,0,0,0,0,0,70.5
Biotech & Pharmaceuticals,Staff Scientist- Upstream PD,0,0,0,0,0,0,0,0,0,0,0,0,0,0,0,81.0
Biotech & Pharmaceuticals,Staff Scientist- Upstream PD,0,0,0,0,0,0,0,0,0,0,0,0,0,0,0,81.0
Biotech & Pharmaceuticals,"Scientist, Molecular/Cellular Biologist",0,0,0,0,0,0,0,0,0,0,0,0,0,0,0,73.0
Biotech & Pharmaceuticals,"Scientist, Molecular/Cellular Biologist",0,0,0,0,0,0,0,0,0,0,0,0,0,0,0,73.0
Biotech & Pharmaceuticals,"Scientist, Molecular/Cellular Biologist",0,0,0,0,0,0,0,0,0,0,0,0,0,0,0,73.0
Biotech & Pharmaceuticals,Research Scientist,0,0,0,0,0,0,0,1,0,0,0,0,0,0,0,87.5
Biotech & Pharmaceuticals,"Sr Scientist, Immuno-Oncology - Oncology",0,0,0,0,0,0,0,1,0,0,0,0,0,0,0,84.5
Biotech & Pharmaceuticals,"Sr Scientist, Immuno-Oncology - Oncology",0,0,0,0,0,0,0,1,0,0,0,0,0,0,0,84.5
Biotech & Pharmaceuticals,Scientist - CVRM Metabolism - in vivo pharmacology,0,0,0,0,0,0,0,0,0,0,0,0,0,0,0,92.0
Biotech & Pharmaceuticals,"Scientist, Immuno-Oncology",0,0,0,0,0,0,0,1,0,0,0,0,0,0,0,90.5
Biotech & Pharmaceuticals,"Scientist, Immuno-Oncology",0,0,0,0,0,0,0,1,0,0,0,0,0,0,0,90.5
Biotech & Pharmaceuticals,"Associate Principal Scientist, Pharmacogenomics",0,0,0,0,0,0,0,0,0,0,0,0,0,0,0,95.0
Biotech & Pharmaceuticals,"Associate Principal Scientist, Pharmacogenomics",0,0,0,0,0,0,0,0,0,0,0,0,0,0,0,95.0
Biotech & Pharmaceuticals,"Scientist, Pharmacometrics",0,0,0,0,0,0,0,0,0,0,0,0,0,0,0,120.5
Biotech & Pharmaceuticals,"Scientist, Pharmacometrics",0,0,0,0,0,0,0,0,0,0,0,0,0,0,0,120.5
Biotech & Pharmaceuticals,"Principal, Data Science - Advanced Analytics",0,0,0,0,0,0,0,0,0,0,0,0,0,0,0,111.5
Biotech & Pharmaceuticals,"Principal, Data Science - Advanced Analytics",0,0,0,0,0,0,0,0,0,0,0,0,0,0,0,111.5
Biotech & Pharmaceuticals,Data Scientist in Translational Medicine,0,0,0,0,0,0,0,0,0,0,0,0,0,0,0,114.5
Biotech & Pharmaceuticals,"Scientist/Senior Scientist, Autoimmune",0,0,0,0,0,0,0,0,0,0,0,0,0,0,0,134.5
Biotech & Pharmaceuticals,"Scientist/Senior Scientist, Autoimmune",0,0,0,0,0,0,0,0,0,0,0,0,0,0,0,134.5
Biotech & Pharmaceuticals,"Scientist/Senior Scientist, Autoimmune",0,0,0,0,0,0,0,0,0,0,0,0,0,0,0,134.5
Biotech & Pharmaceuticals,"Senior Data Scientist – Visualization, Novartis AI Innovation Lab",0,0,0,0,0,0,0,0,0,0,0,0,0,0,0,121.0
Biotech & Pharmaceuticals,Senior Data Scientist: Causal & Predictive analytics AI Innovation Lab,0,0,0,0,0,0,0,0,0,0,0,0,0,0,0,121.0
Biotech & Pharmaceuticals,Computer Vision / Deep Learning Scientist,0,0,0,0,0,0,0,1,0,0,0,0,0,0,0,136.0
Biotech & Pharmaceuticals,Computer Vision / Deep Learning Scientist,0,0,0,0,0,0,0,1,0,0,0,0,0,0,0,164.0
Biotech & Pharmaceuticals,Scientist/Research Associate-Metabolic Engineering,0,0,0,0,0,0,0,0,0,0,0,0,0,0,0,148.0
Biotech & Pharmaceuticals,"Development Scientist, Voltaren",0,0,0,0,0,0,0,1,0,0,0,0,0,0,0,185.0
Biotech & Pharmaceuticals,"Principal Scientist/Associate Director, Quality Control and Analytical Technologies",0,0,0,0,0,0,0,0,0,0,0,0,0,0,0,185.0
Biotech & Pharmaceuticals,"Principal Scientist/Associate Director, Quality Control and Analytical Technologies",0,0,0,0,0,0,0,0,0,0,0,0,0,0,0,76.0
Biotech & Pharmaceuticals,"Senior Data Scientist – Image Analytics, Novartis AI Innovation Lab",0,0,0,0,0,0,0,0,0,0,0,0,0,0,0,92.0
Biotech & Pharmaceuticals,Scientist - Molecular Biology,0,0,0,0,0,0,0,0,0,0,0,0,0,0,0,103.0
Biotech & Pharmaceuticals,"Senior Data Scientist – Image Analytics, Novartis AI Innovation Lab",0,0,0,0,0,0,0,0,0,0,0,0,0,0,0,92.0
Biotech & Pharmaceuticals,Purification Scientist,0,0,0,0,0,0,0,0,0,0,0,0,0,0,0,105.0
Biotech & Pharmaceuticals,"Senior Data Scientist – Image Analytics, Novartis AI Innovation Lab",0,0,0,0,0,0,0,0,0,0,0,0,0,0,0,113.0
Biotech & Pharmaceuticals,Data Scientist,0,0,0,0,0,0,0,1,0,1,0,0,0,0,0,99.0
Biotech & Pharmaceuticals,Staff Scientist- Upstream PD,0,0,0,0,0,0,0,0,0,0,0,0,0,0,0,99.0
Biotech & Pharmaceuticals,Scientist - Biomarker and Flow Cytometry,0,0,0,0,0,0,0,0,0,0,0,0,0,0,0,99.0
Biotech & Pharmaceuticals,"Associate Director/Director, Safety Scientist",0,0,0,0,0,0,0,0,0,0,0,0,0,0,0,140.0
Biotech & Pharmaceuticals,"Associate Director/Director, Safety Scientist",0,0,0,0,0,0,0,0,0,0,0,0,0,0,0,140.0
Biotech & Pharmaceuticals,Sr. Scientist - Digital & Image Analysis/Computational Pathology,0,0,0,0,0,0,0,0,0,0,0,0,0,0,0,151.5
Biotech & Pharmaceuticals,Sr. Scientist - Digital & Image Analysis/Computational Pathology,0,0,0,0,0,0,0,0,0,0,0,0,0,0,0,151.5
Biotech & Pharmaceuticals,"Associate Director, Platform and DevOps- Data Engineering and Aritifical Intelligence",0,1,0,0,0,1,1,1,0,0,0,0,0,1,0,154.5
Biotech & Pharmaceuticals,"Associate Director, Platform and DevOps- Data Engineering and Aritifical Intelligence",0,1,0,0,0,1,1,1,0,0,0,0,0,1,0,154.5
Biotech & Pharmaceuticals,"Associate Director, Platform and DevOps- Data Engineering and Aritifical Intelligence",0,1,0,0,0,1,1,1,0,0,0,0,0,1,0,154.5
Biotech & Pharmaceuticals,"Scientist 2, QC Viral Vector",0,0,0,0,0,0,0,0,0,0,0,0,0,0,0,168.0
Biotech & Pharmaceuticals,Sr. Scientist II,0,0,0,0,0,0,0,0,0,0,0,0,0,0,0,174.0
Biotech & Pharmaceuticals,"Senior Manager, Epidemiologic Data Scientist",0,0,0,0,0,0,0,1,0,0,0,0,0,0,0,167.5
Biotech & Pharmaceuticals,"Senior Manager, Epidemiologic Data Scientist",0,0,0,0,0,0,0,1,0,0,0,0,0,0,0,167.5
Biotech & Pharmaceuticals,Data Scientist,0,1,0,0,0,0,0,0,0,0,0,0,0,0,0,163.0
Biotech & Pharmaceuticals,"Clinical Scientist, Clinical Development",0,0,0,0,0,0,0,0,0,0,0,0,0,0,0,76.5
Biotech & Pharmaceuticals,"Associate Scientist, LC/MS Biologics",0,0,0,0,0,0,0,0,0,0,0,0,0,0,0,70.0
Biotech & Pharmaceuticals,"Associate Scientist, LC/MS Biologics",0,0,0,0,0,0,0,0,0,0,0,0,0,0,0,70.0
Biotech & Pharmaceuticals,"Associate Scientist, LC/MS Biologics",0,0,0,0,0,0,0,0,0,0,0,0,0,0,0,70.0
Biotech & Pharmaceuticals,Quality Control Scientist III- Analytical Development,0,0,0,0,0,0,0,0,0,0,0,0,0,0,0,80.5
Biotech & Pharmaceuticals,Staff Scientist-Downstream Process Development,0,0,0,0,0,0,0,0,0,0,0,0,0,0,0,81.0
Biotech & Pharmaceuticals,Staff Scientist-Downstream Process Development,0,0,0,0,0,0,0,0,0,0,0,0,0,0,0,81.0
Biotech & Pharmaceuticals,Staff Scientist-Downstream Process Development,0,0,0,0,0,0,0,0,0,0,0,0,0,0,0,81.0
Biotech & Pharmaceuticals,Staff Scientist-Downstream Process Development,0,0,0,0,0,0,0,0,0,0,0,0,0,0,0,81.0
Biotech & Pharmaceuticals,Sr. Scientist Method Development,0,0,0,0,0,0,0,0,0,0,0,0,0,0,0,80.0
Biotech & Pharmaceuticals,Sr. Scientist Method Development,0,0,0,0,0,0,0,0,0,0,0,0,0,0,0,80.0
Biotech & Pharmaceuticals,Sr. Scientist Method Development,0,0,0,0,0,0,0,0,0,0,0,0,0,0,0,80.0
Biotech & Pharmaceuticals,Pricipal Scientist Molecular and cellular biologist,0,0,0,0,0,0,0,0,0,0,0,0,0,0,0,76.5
Biotech & Pharmaceuticals,Pricipal Scientist Molecular and cellular biologist,0,0,0,0,0,0,0,0,0,0,0,0,0,0,0,76.5
Biotech & Pharmaceuticals,Sr Data Analyst - IT,0,1,0,0,0,0,0,0,1,0,0,0,0,0,0,72.5
Biotech & Pharmaceuticals,Sr Data Analyst - IT,0,1,0,0,0,0,0,0,1,0,0,0,0,0,0,72.5
Biotech & Pharmaceuticals,Associate Research Scientist I (Protein Expression and Production),0,0,0,0,0,0,0,0,0,0,0,0,0,0,0,87.5
Biotech & Pharmaceuticals,"Associate Scientist / Sr. Associate Scientist, Antibody Discovery",0,0,0,0,0,0,0,1,0,0,0,0,0,0,0,92.0
Biotech & Pharmaceuticals,PV Scientist,0,0,0,0,0,0,0,0,0,0,0,0,0,0,0,91.5
Biotech & Pharmaceuticals,PV Scientist,0,0,0,0,0,0,0,0,0,0,0,0,0,0,0,91.5
Biotech & Pharmaceuticals,Clinical Data Scientist,0,0,0,0,0,0,0,1,0,0,0,0,0,0,0,84.0
Biotech & Pharmaceuticals,Clinical Data Scientist,0,0,0,0,0,0,0,1,0,0,0,0,0,0,0,84.0
Biotech & Pharmaceuticals,"Scientist I/II, Biology",0,0,0,0,0,0,0,0,0,0,0,0,0,0,0,102.0
Biotech & Pharmaceuticals,"Manager, Safety Scientist, Medical Safety & Risk Management",0,0,0,0,0,0,0,0,0,0,0,0,0,0,0,96.5
Biotech & Pharmaceuticals,Senior Formulations Scientist II,0,0,0,0,0,0,0,0,0,0,0,0,0,0,0,100.0
Biotech & Pharmaceuticals,"Scientist, Bacteriology",0,0,0,0,0,0,0,0,0,0,0,0,0,0,0,111.5
Biotech & Pharmaceuticals,"Scientist, Bacteriology",0,0,0,0,0,0,0,0,0,0,0,0,0,0,0,111.5
Biotech & Pharmaceuticals,"Scientist, Bacteriology",0,0,0,0,0,0,0,0,0,0,0,0,0,0,0,111.5
Biotech & Pharmaceuticals,"Associate Scientist/Scientist, Process Analytical Technology - Small Molecule Analytical Chemistry",0,0,0,0,0,0,0,0,0,0,0,0,0,0,0,125.0
Biotech & Pharmaceuticals,Principal Scientist - Immunologist,0,0,0,0,0,0,0,0,0,0,0,0,0,0,0,140.0
Biotech & Pharmaceuticals,Principal Scientist - Immunologist,0,0,0,0,0,0,0,0,0,0,0,0,0,0,0,140.0
Biotech & Pharmaceuticals,Sr Data Analyst,0,0,0,0,0,0,0,0,1,0,0,0,0,0,0,133.0
Biotech & Pharmaceuticals,IT Partner Digital Health Technology and Data Science,0,0,0,0,0,0,0,0,0,0,0,0,0,0,0,136.0
Biotech & Pharmaceuticals,Senior Clinical Data Scientist Programmer,0,0,0,0,0,0,0,0,0,0,0,0,0,0,0,136.0
Biotech & Pharmaceuticals,IT Partner Digital Health Technology and Data Science,0,0,0,0,0,0,0,0,0,0,0,0,0,0,0,164.0
Biotech & Pharmaceuticals,"Vice President, Biometrics and Clinical Data Management",0,0,0,0,0,0,0,1,0,0,0,0,0,0,0,148.0
Biotech & Pharmaceuticals,"Manager, Field Application Scientist, Southeast",0,0,0,0,0,0,0,0,0,0,0,0,0,0,0,271.0
Biotech & Pharmaceuticals,Research Scientist - Patient-Centered Research (Remote),0,0,0,0,0,0,0,0,0,0,0,0,0,0,0,76.0
Biotech & Pharmaceuticals,Research Scientist - Patient-Centered Research (Remote),0,0,0,0,0,0,0,0,0,0,0,0,0,0,0,97.0
Biotech & Pharmaceuticals,Research Scientist Patient Preferences (Remote),0,0,0,0,0,0,0,0,0,0,0,0,0,0,0,99.0
Biotech & Pharmaceuticals,Sr Scientist - Extractables & Leachables,0,0,0,0,0,0,0,0,0,0,0,0,0,0,0,99.0
Biotech & Pharmaceuticals,NGS Scientist,0,0,0,0,0,0,0,0,0,0,0,0,0,0,0,115.0
Biotech & Pharmaceuticals,Senior Data & Machine Learning Scientist,1,1,1,0,1,0,0,1,0,0,0,0,1,0,0,133.0
Biotech & Pharmaceuticals,Senior Data & Machine Learning Scientist,1,1,1,0,1,0,0,1,0,0,0,0,1,0,0,133.0
Biotech & Pharmaceuticals,Senior Data Scientist - R&D Oncology,1,0,0,0,0,0,0,0,0,0,0,0,0,0,0,137.0
Biotech & Pharmaceuticals,Senior Data Scientist - R&D Oncology,1,0,0,0,0,0,0,0,0,0,0,0,0,0,0,137.0
Biotech & Pharmaceuticals,Senior Data Scientist - R&D Oncology,1,0,0,0,0,0,0,0,0,0,0,0,0,0,0,137.0
Biotech & Pharmaceuticals,Principal Data Scientist (Computational Chemistry),1,0,1,1,1,0,0,1,0,0,0,0,1,0,0,140.5
Biotech & Pharmaceuticals,Principal Data Scientist (Computational Chemistry),1,0,1,1,1,0,0,1,0,0,0,0,1,0,0,140.5
Biotech & Pharmaceuticals,Principal Data Scientist (Computational Chemistry),1,0,1,1,1,0,0,1,0,0,0,0,1,0,0,140.5
Biotech & Pharmaceuticals,Data Engineer,1,0,0,0,0,1,0,0,0,0,0,0,0,0,0,68.5
Biotech & Pharmaceuticals,Data Engineer,1,0,0,0,0,1,0,0,0,0,0,0,0,0,0,68.5
Biotech & Pharmaceuticals,"Sr Expert Data Science, Advanced Visual Analytics (Associate level)",1,1,0,0,0,0,0,0,1,0,1,0,0,0,0,106.5
Biotech & Pharmaceuticals,"Sr Expert Data Science, Advanced Visual Analytics (Associate level)",1,1,0,0,0,0,0,0,1,0,1,0,0,0,0,106.5
Biotech & Pharmaceuticals,Data Scientist,1,1,1,0,0,1,0,0,0,0,0,0,0,0,0,113.5
Biotech & Pharmaceuticals,Data Scientist,1,1,1,0,0,1,0,0,0,0,0,0,0,0,0,113.5
Biotech & Pharmaceuticals,Data Scientist / Machine Learning Expert,1,0,0,0,1,0,0,0,0,0,0,0,1,0,0,114.5
Biotech & Pharmaceuticals,Data Scientist / Machine Learning Expert,1,0,0,0,1,0,0,0,0,0,0,0,1,0,0,114.5
Biotech & Pharmaceuticals,Senior Data & Machine Learning Scientist,1,0,0,0,0,0,0,1,0,0,0,0,0,0,0,133.0
Biotech & Pharmaceuticals,"Machine Learning Scientist - Bay Area, CA",1,0,0,0,0,0,0,1,0,0,0,0,0,0,0,133.0
Biotech & Pharmaceuticals,Data Scientist,1,0,0,0,0,0,0,0,0,0,0,0,0,0,0,136.0
Biotech & Pharmaceuticals,"Senior Machine Learning Scientist - Bay Area, CA",1,0,0,0,0,0,0,1,0,0,0,0,0,0,0,136.0
Biotech & Pharmaceuticals,Data Scientist,1,0,0,0,0,1,0,0,0,0,0,0,0,0,0,114.0
Biotech & Pharmaceuticals,AI Ops Data Scientist,1,0,0,0,0,1,1,1,0,0,0,0,0,0,0,114.0
Biotech & Pharmaceuticals,Data Scientist,1,0,0,0,0,0,0,0,0,0,0,0,0,0,0,161.0
Biotech & Pharmaceuticals,Data Scientist 3 (718),1,0,0,0,0,0,0,1,0,0,0,0,0,0,0,164.0
Biotech & Pharmaceuticals,"Senior Machine Learning Scientist - Bay Area, CA",1,0,0,0,0,0,0,1,0,0,0,0,0,0,0,164.0
Biotech & Pharmaceuticals,Data Scientist / Machine Learning Expert,1,0,0,0,0,0,0,0,0,0,0,0,0,0,0,154.0
Biotech & Pharmaceuticals,Senior Data Scientist - R&D Oncology,1,0,0,0,0,0,0,0,0,0,0,0,0,0,0,183.0
Biotech & Pharmaceuticals,"Real World Science, Data Scientist",1,0,0,0,0,0,1,0,0,0,0,0,0,0,0,271.0
Biotech & Pharmaceuticals,Data & Machine Learning Scientist,1,0,0,0,0,0,0,1,0,0,0,0,0,0,0,43.0
Biotech & Pharmaceuticals,Senior Data Scientist - R&D Oncology,1,0,0,0,0,0,0,0,0,0,0,0,0,0,0,76.0
Biotech & Pharmaceuticals,Data Scientist,1,0,0,0,0,1,0,0,0,0,0,0,0,0,0,103.0
Biotech & Pharmaceuticals,Data Scientist / Machine Learning Expert,1,0,0,0,0,0,0,0,0,0,0,0,0,0,0,103.0
Biotech & Pharmaceuticals,AI Ops Data Scientist,1,0,0,0,0,1,1,1,0,0,0,0,0,0,0,92.0
Biotech & Pharmaceuticals,"Senior Machine Learning Scientist - Bay Area, CA",1,0,0,0,0,0,0,1,0,0,0,0,0,0,0,92.0
Biotech & Pharmaceuticals,Data & Machine Learning Scientist,1,0,0,0,0,0,0,1,0,0,0,0,0,0,0,105.0
Biotech & Pharmaceuticals,Data Scientist 3 (718),1,0,0,0,0,0,0,1,0,0,0,0,0,0,0,105.0
Biotech & Pharmaceuticals,"Real World Science, Data Scientist",1,0,0,0,0,0,1,0,0,0,0,0,0,0,0,105.0
Biotech & Pharmaceuticals,"Data Scientist, Applied Machine Learning - Bay Area",1,0,0,0,0,0,0,1,0,0,0,0,0,0,0,105.0
Biotech & Pharmaceuticals,Data Scientist,1,0,0,0,0,0,1,1,1,0,0,0,0,0,0,106.0
Biotech & Pharmaceuticals,Data Scientist,1,0,0,0,0,0,0,0,1,1,0,0,0,0,0,107.0
Biotech & Pharmaceuticals,Real World Evidence (RWE) Scientist,1,0,0,0,0,0,0,0,0,0,0,0,0,0,0,107.0
Biotech & Pharmaceuticals,AI Ops Data Scientist,1,0,0,0,0,1,1,1,0,0,0,0,0,0,0,123.0
Biotech & Pharmaceuticals,"Data Scientist, Applied Machine Learning - Bay Area",1,0,0,0,0,0,0,1,0,0,0,0,0,0,0,107.0
Biotech & Pharmaceuticals,Data Engineer,1,0,0,0,0,0,0,1,0,0,0,0,0,0,0,115.0
Biotech & Pharmaceuticals,Senior Scientist - Neuroscience,1,0,0,0,0,0,0,0,0,0,0,0,0,0,0,145.0
Biotech & Pharmaceuticals,Senior Scientist - Neuroscience,1,0,0,0,0,0,0,0,0,0,0,0,0,0,0,145.0
Biotech & Pharmaceuticals,Senior Data Scientist,1,0,0,0,0,0,0,0,0,0,0,0,0,0,0,133.5
Biotech & Pharmaceuticals,Senior Data Scientist Oncology,1,0,0,0,0,0,0,0,0,0,0,0,0,0,0,140.0
Biotech & Pharmaceuticals,Senior Data Scientist Oncology,1,0,0,0,0,0,0,0,0,0,0,0,0,0,0,140.0
Biotech & Pharmaceuticals,Senior Scientist (Neuroscience),1,0,0,0,0,0,0,0,0,0,0,0,0,0,0,154.5
Biotech & Pharmaceuticals,Senior Scientist (Neuroscience),1,0,0,0,0,0,0,0,0,0,0,0,0,0,0,154.5
Biotech & Pharmaceuticals,Senior Scientist (Neuroscience),1,0,0,0,0,0,0,0,0,0,0,0,0,0,0,154.5
Biotech & Pharmaceuticals,Data Scientist,1,1,0,0,0,0,0,0,0,0,0,0,0,0,0,143.5
Biotech & Pharmaceuticals,Principal Data Scientist,1,0,0,0,0,0,0,0,0,0,0,0,0,0,0,147.5
Biotech & Pharmaceuticals,Senior Data Scientist,1,0,0,0,0,0,0,0,0,0,0,0,0,0,0,147.5
Biotech & Pharmaceuticals,"Sr. Data Scientist - Analytics, Personalized Healthcare (PHC)",1,1,0,0,0,1,1,0,0,0,0,0,0,0,0,169.0
Biotech & Pharmaceuticals,"Sr. Data Scientist - Analytics, Personalized Healthcare (PHC)",1,1,0,0,0,1,1,0,0,0,0,0,0,0,0,169.0
Biotech & Pharmaceuticals,Data Scientist,1,0,0,0,0,0,0,0,0,0,0,0,0,0,0,75.5
Biotech & Pharmaceuticals,Data Scientist,1,0,0,0,0,0,0,0,0,0,0,0,0,0,0,75.5
Biotech & Pharmaceuticals,Digital Health Data Scientist,1,0,0,0,0,0,0,1,0,0,0,0,0,0,0,86.5
Biotech & Pharmaceuticals,Digital Health Data Scientist,1,0,0,0,0,0,0,1,0,0,0,0,0,0,0,86.5
Biotech & Pharmaceuticals,"Data Engineer, Data Engineering and Artifical Intelligence",1,1,0,0,0,1,1,1,1,0,0,0,0,1,0,102.5
Biotech & Pharmaceuticals,Data Scientist,1,1,0,0,0,0,0,0,1,0,0,0,0,0,0,101.0
Biotech & Pharmaceuticals,Data Scientist,1,0,0,0,0,0,0,0,0,0,0,0,0,0,0,112.5
Biotech & Pharmaceuticals,Data Scientist,1,0,0,0,0,0,0,0,0,0,0,0,0,0,0,112.5
Biotech & Pharmaceuticals,Data Scientist,1,1,0,0,0,0,0,0,0,0,0,0,0,0,0,118.0
Biotech & Pharmaceuticals,Senior Principal Data Scientist (Python/R),1,0,0,0,0,1,1,0,0,1,0,0,0,0,0,271.0
Biotech & Pharmaceuticals,Principal Data Scientist,1,0,0,0,0,0,0,0,0,0,0,0,0,0,0,76.0
Biotech & Pharmaceuticals,Production Engineer - Statistics/Data Analysis,1,0,0,0,0,0,0,1,0,0,0,0,0,0,0,76.0
Biotech & Pharmaceuticals,Statistical Scientist,1,0,0,0,0,0,0,1,0,0,0,0,0,0,0,76.0
Biotech & Pharmaceuticals,"Computational Scientist, Machine Learning",1,0,0,0,0,0,0,1,0,0,0,0,0,0,0,103.0
Biotech & Pharmaceuticals,Senior Data Scientist,1,0,0,0,0,0,0,0,0,1,0,0,0,0,0,103.0
Biotech & Pharmaceuticals,Data Scientist - Machine Learning,1,0,0,0,0,1,0,0,0,0,0,0,0,0,0,105.0
Biotech & Pharmaceuticals,Patient Safety- Associate Data Scientist,1,0,0,0,0,0,0,0,0,0,0,0,0,0,0,105.0
Biotech & Pharmaceuticals,Senior Data Scientist,1,0,0,0,0,0,0,0,0,1,0,0,0,0,0,106.0
Biotech & Pharmaceuticals,Patient Safety- Associate Data Scientist,1,0,0,0,0,0,0,0,0,0,0,0,0,0,0,106.0
Biotech & Pharmaceuticals,Sr Data Scientist,1,0,0,0,0,0,0,0,0,0,0,0,0,0,0,99.0
Biotech & Pharmaceuticals,"Manager / Lead, Data Science & Analytics",1,0,0,0,0,0,0,0,1,0,0,0,0,0,0,120.0
Biotech & Pharmaceuticals,Data Scientist,1,0,0,0,0,0,0,0,1,0,0,0,0,0,0,120.0
Brokerage Services,Senior Quantitative Analyst,1,1,0,0,0,0,0,0,0,0,0,0,0,0,0,173.0
Brokerage Services,Data Scientist,1,1,0,0,0,0,0,0,1,0,1,0,0,0,0,85.0
"Cable, Internet & Telephone Providers",Data Scientist,1,0,0,0,0,0,1,0,0,1,0,0,0,0,0,99.0
Chemical Manufacturing,Data Scientist,1,0,0,0,0,0,1,0,0,0,0,0,0,0,0,154.0
Chemical Manufacturing,Data Scientist,1,0,0,0,0,0,1,0,0,0,0,0,0,0,0,76.0
Chemical Manufacturing,Data Modeler,1,0,0,0,0,0,0,0,1,0,0,0,0,0,0,154.0
Colleges & Universities,Senior Research Scientist-Machine Learning,0,0,0,0,0,0,0,0,0,0,0,0,0,0,0,124.0
Colleges & Universities,Senior Research Scientist-Machine Learning,0,0,0,0,0,0,0,0,0,0,0,0,0,0,0,124.0
Colleges & Universities,Senior Research Scientist-Machine Learning,0,0,0,0,0,0,0,0,0,0,0,0,0,0,0,124.0
Colleges & Universities,Senior Research Scientist-Machine Learning,0,0,0,0,0,0,0,0,0,0,0,0,0,0,0,124.0
Colleges & Universities,"Project Scientist - Auton Lab, Robotics Institute",0,0,0,0,0,0,0,0,0,0,0,0,0,0,0,73.5
Colleges & Universities,"Project Scientist - Auton Lab, Robotics Institute",0,0,0,0,0,0,0,0,0,0,0,0,0,0,0,73.5
Colleges & Universities,"Project Scientist - Auton Lab, Robotics Institute",0,0,0,0,0,0,0,0,0,0,0,0,0,0,0,73.5
Colleges & Universities,Data Scientist,1,1,0,0,0,0,0,0,1,0,1,0,0,0,0,121.0
Colleges & Universities,"Research Scientist, Machine Learning Department",1,1,0,0,0,0,0,0,0,0,0,0,1,0,0,107.5
Colleges & Universities,Machine Learning Research Scientist,1,0,0,0,0,0,0,0,0,0,0,0,0,0,0,120.0
Colleges & Universities,Machine Learning Research Scientist,1,0,0,0,0,0,0,0,0,0,0,0,0,0,0,120.0
Colleges & Universities,Geospatial Software Developer and Data Scientist,1,0,1,1,1,0,0,1,0,0,0,0,1,0,0,105.5
Colleges & Universities,Geospatial Software Developer and Data Scientist,1,0,1,1,1,0,0,1,0,0,0,0,1,0,0,105.5
Colleges & Universities,Information Systems Engineering Specialist (Engineering Scientist),1,0,0,0,0,0,0,1,0,0,0,0,0,0,0,148.0
Colleges & Universities,Machine Learning Engineer,1,0,0,0,0,0,0,0,0,0,0,0,0,0,0,92.0
Colleges & Universities,Machine Learning Engineer,1,0,0,0,0,0,0,0,0,0,0,0,0,0,0,113.0
Colleges & Universities,Senior Data Analyst,1,1,0,0,0,0,0,0,1,0,1,0,0,0,0,61.5
Colleges & Universities,Senior Data Analyst,1,1,0,0,0,0,0,0,1,0,1,0,0,0,0,61.5
Colleges & Universities,Senior Research Scientist - Embedded System Development for DevOps,1,0,0,0,0,0,0,0,0,0,0,0,0,0,0,124.0
Computer Hardware & Software,Staff Data Engineer,0,0,0,0,0,1,0,1,0,0,0,0,0,0,0,149.5
Computer Hardware & Software,Staff Data Engineer,0,0,0,0,0,1,0,1,0,0,0,0,0,0,0,149.5
Computer Hardware & Software,Data Scientist,0,0,0,0,0,1,0,1,0,0,0,0,0,0,0,157.0
Computer Hardware & Software,Software Data Engineer - College,0,1,0,0,0,0,0,0,0,0,0,0,0,0,0,73.0
Computer Hardware & Software,R&D Data Analysis Scientist,0,0,0,0,0,0,0,0,0,0,0,0,0,0,0,97.5
Computer Hardware & Software,Senior Data Analyst/Scientist,0,1,0,0,0,0,0,0,1,0,1,0,0,0,0,121.5
Computer Hardware & Software,R&D Sr Data Scientist,0,1,1,0,0,1,0,1,0,0,0,0,1,0,0,128.0
Computer Hardware & Software,Senior Data Scientist,0,0,0,0,0,0,0,0,0,0,0,0,0,0,0,136.0
Computer Hardware & Software,Data Scientist,0,0,0,0,0,0,0,1,0,1,0,0,0,0,0,134.0
Computer Hardware & Software,Data Scientist,0,0,0,0,0,0,0,0,0,0,0,0,0,0,0,154.0
Computer Hardware & Software,Staff Data Scientist - Analytics,0,0,0,0,0,0,0,0,0,0,0,0,0,0,0,154.0
Computer Hardware & Software,Data Scientist,0,0,0,0,0,0,0,0,0,0,0,0,0,0,0,185.0
Computer Hardware & Software,Data Scientist,0,0,0,0,0,0,0,1,0,1,0,0,0,0,0,43.0
Computer Hardware & Software,Machine Learning Scientist / Engineer,0,0,0,0,0,0,0,0,0,0,0,0,0,0,0,89.0
Computer Hardware & Software,Senior Data Scientist,0,0,0,0,0,0,0,0,0,0,0,0,0,0,0,103.0
Computer Hardware & Software,Data Scientist,0,0,0,0,0,0,0,0,0,0,0,0,0,0,0,120.0
Computer Hardware & Software,Staff Data Scientist,0,0,0,0,0,0,0,0,0,0,0,0,0,0,0,115.0
Computer Hardware & Software,Staff Data Scientist - Analytics,0,0,0,0,0,0,0,0,0,0,0,0,0,0,0,115.0
Computer Hardware & Software,Financial Data Analyst,0,1,0,0,0,0,0,0,1,0,0,0,0,0,0,56.5
Computer Hardware & Software,Revenue Analytics Manager,0,1,0,0,0,0,0,0,1,0,0,0,0,0,0,61.5
Computer Hardware & Software,Revenue Analytics Manager,0,1,0,0,0,0,0,0,1,0,0,0,0,0,0,61.5
Computer Hardware & Software,Revenue Analytics Manager,0,1,0,0,0,0,0,0,1,0,0,0,0,0,0,61.5
Computer Hardware & Software,Data Engineer,0,1,0,0,0,0,0,0,0,0,0,0,0,0,0,70.5
Computer Hardware & Software,Data Engineer,0,1,0,0,0,0,0,0,0,0,0,0,0,0,0,70.5
Computer Hardware & Software,Data Analyst,0,1,0,0,0,0,0,0,0,0,0,0,0,0,0,77.5
Computer Hardware & Software,Software Engineer - Data Visualization,0,0,0,0,0,0,0,0,0,0,0,0,0,0,0,93.5
Computer Hardware & Software,Software Engineer - Data Visualization,0,0,0,0,0,0,0,0,0,0,0,0,0,0,0,93.5
Computer Hardware & Software,Software Engineer - Data Visualization,0,0,0,0,0,0,0,0,0,0,0,0,0,0,0,93.5
Computer Hardware & Software,Data Engineer,0,1,0,0,0,1,0,0,0,0,0,0,0,0,0,100.0
Computer Hardware & Software,Senior Data Scientist,0,0,0,0,0,0,0,0,0,0,0,0,0,0,0,130.0
Computer Hardware & Software,Senior Data Scientist,1,1,0,0,0,0,0,0,1,0,1,0,0,0,0,139.5
Computer Hardware & Software,Senior Data Scientist,1,1,0,0,0,0,0,0,1,0,1,0,0,0,0,139.5
Computer Hardware & Software,Senior Data Scientist,1,1,0,0,0,0,0,0,1,0,1,0,0,0,0,139.5
Computer Hardware & Software,Senior Data Scientist,1,1,1,0,0,1,1,0,0,0,0,0,1,0,0,150.5
Computer Hardware & Software,Senior Data Scientist,1,1,1,0,0,1,1,0,0,0,0,0,1,0,0,150.5
Computer Hardware & Software,Staff Data Engineer,1,1,0,0,0,1,1,1,0,0,0,1,0,1,0,177.0
Computer Hardware & Software,Staff Data Scientist,1,1,0,0,0,0,1,1,0,0,0,0,0,0,0,171.5
Computer Hardware & Software,Staff Data Scientist,1,1,0,0,0,0,1,1,0,0,0,0,0,0,0,171.5
Computer Hardware & Software,Principal Machine Learning Scientist,1,1,0,0,0,0,0,0,0,0,0,0,1,0,0,232.5
Computer Hardware & Software,Information Security Data Analyst,1,1,0,0,0,1,1,0,0,0,0,0,0,0,0,61.0
Computer Hardware & Software,Information Security Data Analyst,1,1,0,0,0,1,1,0,0,0,0,0,0,0,0,61.0
Computer Hardware & Software,Product Engineer – Data Science,1,1,0,0,0,0,0,0,0,0,0,0,0,0,0,82.0
Computer Hardware & Software,Product Engineer – Data Science,1,1,0,0,0,0,0,0,0,0,0,0,0,0,0,82.0
Computer Hardware & Software,"Senior Engineer, Data Management Engineering",1,1,0,0,0,1,1,1,0,0,0,0,0,0,0,98.5
Computer Hardware & Software,Data Engineer,1,1,0,0,0,1,1,0,0,0,0,0,0,0,0,108.0
Computer Hardware & Software,Senior Data Engineer,1,0,0,0,0,1,1,1,0,0,0,1,0,0,0,112.5
Computer Hardware & Software,Senior Data Engineer,1,0,0,0,0,1,1,1,0,0,0,1,0,0,0,112.5
Computer Hardware & Software,Data Scientist,1,0,0,0,0,1,1,1,1,0,0,0,0,1,0,107.0
Computer Hardware & Software,Data Scientist,1,0,0,0,0,1,1,1,1,0,0,0,0,1,0,107.0
Computer Hardware & Software,Senior LiDAR Data Scientist,1,0,0,0,0,0,0,1,0,0,0,0,0,0,0,122.0
Computer Hardware & Software,Senior LiDAR Data Scientist,1,0,0,0,0,0,0,1,0,0,0,0,0,0,0,122.0
Computer Hardware & Software,Senior Data Analyst,1,1,0,0,0,0,0,0,1,0,0,0,0,0,0,138.5
Computer Hardware & Software,Senior Data Analyst,1,1,0,0,0,0,0,0,1,0,0,0,0,0,0,138.5
Computer Hardware & Software,Senior Data Analyst,1,0,0,0,0,1,1,0,0,1,0,0,0,0,0,133.0
Computer Hardware & Software,Data Scientist,1,0,0,0,0,1,0,1,0,1,0,0,0,0,0,133.0
Computer Hardware & Software,Applied AI Scientist / Engineer,1,0,0,0,0,0,0,0,0,0,0,0,0,0,0,114.0
Computer Hardware & Software,Data Science Software Engineer,1,0,0,0,0,0,0,0,0,0,0,0,0,0,0,114.0
Computer Hardware & Software,Data Engineer - Kafka,1,0,0,0,0,1,1,1,0,0,0,0,0,0,0,134.0
Computer Hardware & Software,Data Scientist,1,0,0,0,0,1,0,1,0,0,0,0,0,0,0,164.0
Computer Hardware & Software,Software Engineer - Machine Learning & Data Science (Applied Intelligence Services Team),1,0,0,0,0,0,0,0,0,0,0,0,0,0,0,164.0
Computer Hardware & Software,Data Scientist / Applied Mathematician,1,0,0,0,0,0,0,1,0,1,0,0,0,0,0,148.0
Computer Hardware & Software,Data Scientist,1,0,0,0,0,0,0,1,0,1,0,0,0,0,0,183.0
Computer Hardware & Software,Data Science Software Engineer,1,0,0,0,0,0,0,0,0,0,0,0,0,0,0,271.0
Computer Hardware & Software,Data Engineer - Kafka,1,0,0,0,0,1,1,1,0,0,0,0,0,0,0,43.0
Computer Hardware & Software,Principal Machine Learning Scientist,1,0,0,0,0,0,0,0,0,0,0,0,0,0,0,76.0
Computer Hardware & Software,Data Scientist,1,0,0,0,0,0,1,0,1,0,0,0,0,0,0,97.0
Computer Hardware & Software,Data Science Software Engineer,1,0,0,0,0,0,0,0,0,0,0,0,0,0,0,92.0
Computer Hardware & Software,Data Scientist,1,0,0,0,0,1,0,1,0,0,0,0,0,0,0,105.0
Computer Hardware & Software,Machine Learning Engineer,1,0,0,0,0,0,0,0,0,0,0,0,0,0,0,105.0
Computer Hardware & Software,Data Scientist / Applied Mathematician,1,0,0,0,0,0,0,1,0,1,0,0,0,0,0,105.0
Computer Hardware & Software,Senior Data Scientist,1,0,0,0,0,1,1,0,0,1,0,0,0,0,0,106.0
Computer Hardware & Software,Data Scientist,1,0,0,0,0,1,1,0,1,0,0,0,0,0,0,114.0
Computer Hardware & Software,Data Scientist,1,0,0,0,0,1,0,0,1,0,0,0,0,0,0,99.0
Computer Hardware & Software,Principal Machine Learning Scientist,1,0,0,0,0,0,0,0,0,0,0,0,0,0,0,107.0
Computer Hardware & Software,Data Science Software Engineer,1,0,0,0,0,0,0,0,0,0,0,0,0,0,0,123.0
Computer Hardware & Software,"AI/ML - Machine Learning Scientist, Siri Understanding",1,0,0,0,0,0,0,0,0,1,0,0,0,0,0,123.0
Computer Hardware & Software,Data Engineer,1,0,0,0,0,0,0,0,0,0,0,0,0,0,0,115.0
Computer Hardware & Software,Senior Data Scientist,1,0,0,0,0,1,1,0,0,1,0,0,0,0,0,115.0
Computer Hardware & Software,Data Science Engineer - Mobile,1,1,0,0,0,0,1,0,1,0,1,0,0,0,0,162.0
Computer Hardware & Software,Data Science Engineer - Mobile,1,1,0,0,0,0,1,0,1,0,1,0,0,0,0,162.0
Computer Hardware & Software,"Principal Data Engineer, Data Platform & Insights",1,1,0,0,0,1,0,0,0,0,0,0,0,0,0,162.5
Computer Hardware & Software,Senior Data Scientist,1,0,0,0,0,1,0,0,0,0,0,0,0,0,0,153.0
Computer Hardware & Software,Senior Data Scientist,1,0,0,0,0,1,0,0,0,0,0,0,0,0,0,153.0
Computer Hardware & Software,Data Scientist - Sales,1,1,0,0,0,0,0,0,1,0,0,0,0,0,0,168.0
Computer Hardware & Software,Data Analyst,1,1,0,0,0,0,0,0,1,0,0,0,0,0,0,49.0
Computer Hardware & Software,Product Engineer – Spatial Data Science and Statistical Analysis,1,0,1,0,1,1,0,0,0,0,0,0,1,0,0,68.5
Computer Hardware & Software,Product Engineer – Spatial Data Science and Statistical Analysis,1,0,1,0,1,1,0,0,0,0,0,0,1,0,0,68.5
Computer Hardware & Software,Data Scientist,1,1,0,1,1,0,0,0,0,0,0,0,1,0,0,79.5
Computer Hardware & Software,Data Scientist,1,1,0,1,1,0,0,0,0,0,0,0,1,0,0,79.5
Computer Hardware & Software,Data Scientist,1,1,1,0,0,1,1,0,0,0,0,0,1,0,0,85.5
Computer Hardware & Software,Software Engineer (Data Scientist/Software Engineer) - SISW - MG,1,0,1,1,0,0,0,0,0,0,0,0,0,0,0,107.0
Computer Hardware & Software,Machine Learning Engineer,1,1,1,0,1,0,0,1,0,0,0,0,0,0,0,125.0
Computer Hardware & Software,Machine Learning Engineer,1,1,1,0,1,0,0,1,0,0,0,0,0,0,0,125.0
Computer Hardware & Software,Senior Data Engineer,1,0,0,0,0,0,0,1,0,0,0,0,0,0,0,139.0
Computer Hardware & Software,Senior Data Engineer,1,0,0,0,0,0,0,1,0,0,0,0,0,0,0,139.0
Computer Hardware & Software,"Software Engineer (Data Scientist, C,C++,Linux,Unix) - SISW - MG",1,0,0,0,0,0,0,0,0,0,0,0,0,0,0,136.0
Computer Hardware & Software,Data Science Manager,1,0,0,0,0,1,1,0,0,1,0,0,0,0,0,164.0
Computer Hardware & Software,Data Scientist,1,0,0,0,0,0,0,0,0,0,0,0,0,0,0,154.0
Computer Hardware & Software,Data Scientist,1,0,0,0,0,1,1,0,0,0,0,0,0,0,0,154.0
Computer Hardware & Software,Principal Data Scientist,1,0,0,0,0,1,1,1,0,1,0,0,0,0,0,92.0
Computer Hardware & Software,Data Engineer,1,0,0,0,0,0,1,0,0,1,0,0,0,0,0,92.0
Computer Hardware & Software,Principal Data Scientist,1,0,0,0,0,1,1,1,0,1,0,0,0,0,0,105.0
Computer Hardware & Software,Data Scientist,1,0,0,0,0,1,1,0,0,0,0,0,0,0,0,105.0
Computer Hardware & Software,Data Engineer,1,0,0,0,0,0,1,0,0,1,0,0,0,0,0,106.0
Computer Hardware & Software,Data Scientist,1,0,0,0,0,1,0,1,0,1,0,0,0,0,0,113.0
Computer Hardware & Software,Data Scientist,1,0,0,0,0,0,0,0,0,0,0,0,0,0,0,113.0
Computer Hardware & Software,Data Engineer,1,0,0,0,0,0,1,0,0,1,0,0,0,0,0,113.0
Computer Hardware & Software,Data Scientist,1,0,0,0,0,1,0,0,0,1,0,0,0,0,0,114.0
Computer Hardware & Software,Data Engineer,1,0,0,0,0,1,1,1,0,0,0,0,0,0,0,99.0
Computer Hardware & Software,Data Scientist,1,0,0,0,0,0,0,0,0,0,0,0,0,0,0,107.0
Computer Hardware & Software,Software Data Engineer,1,0,0,0,0,0,0,1,0,0,0,0,0,0,0,107.0
Computer Hardware & Software,Data Scientist,1,0,0,0,0,1,1,1,0,0,0,0,0,0,0,107.0
Computer Hardware & Software,Software Engineer - Data Science,1,0,0,0,0,1,1,0,0,1,0,0,0,0,0,115.0
Computer Hardware & Software,Lead Data Scientist,1,0,0,0,0,0,1,1,0,1,0,0,0,0,0,115.0
Construction,ENVIRONMENTAL ENGINEER/SCIENTIST,0,0,0,0,0,0,0,0,0,0,0,0,0,0,0,55.0
Construction,ENVIRONMENTAL ENGINEER/SCIENTIST,0,0,0,0,0,0,0,0,0,0,0,0,0,0,0,55.0
Construction,ENVIRONMENTAL ENGINEER/SCIENTIST,0,0,0,0,0,0,0,0,0,0,0,0,0,0,0,55.0
Construction,Data Scientist,1,0,0,0,0,0,0,0,0,0,0,0,0,0,0,43.0
Construction,Data Scientist,1,0,0,0,0,0,0,0,0,0,0,0,0,0,0,106.0
Consulting,Data Engineer,0,1,0,0,0,1,1,1,0,0,0,1,0,0,0,95.0
Consulting,Data Scientist,0,0,0,0,0,0,1,0,0,1,0,0,0,0,0,164.0
Consulting,Data Scientist,0,0,0,0,0,0,0,0,0,0,0,0,0,0,0,185.0
Consulting,Data Engineer,0,0,0,0,0,1,1,1,0,1,0,0,0,0,0,105.0
Consulting,Data Scientist,0,0,0,0,0,0,0,0,0,0,0,0,0,0,0,106.0
Consulting,Data Scientist,0,0,0,0,0,1,0,0,0,0,0,0,0,0,0,120.0
Consulting,Managing Data Scientist/ML Engineer,0,1,0,0,0,1,1,0,1,0,0,0,0,1,0,107.5
Consulting,Managing Data Scientist/ML Engineer,0,1,0,0,0,1,1,0,1,0,0,0,0,1,0,107.5
Consulting,Products Data Analyst II,0,1,0,0,0,0,0,0,1,0,0,0,0,1,0,123.5
Consulting,Products Data Analyst II,0,1,0,0,0,0,0,0,1,0,0,0,0,1,0,123.5
Consulting,Data Scientist,0,0,0,0,0,0,0,0,0,0,0,0,0,0,0,161.0
Consulting,Human Factors Scientist,0,0,0,0,0,0,0,0,0,0,0,0,0,0,0,154.0
Consulting,Data Scientist,0,0,0,0,0,0,0,0,0,0,0,0,0,0,0,185.0
Consulting,CONSULTANT– DATA ANALYTICS GROUP,1,1,0,0,0,0,0,0,0,0,0,0,0,0,0,52.5
Consulting,Data Scientist,1,1,0,0,0,0,0,1,0,0,0,0,0,0,0,80.5
Consulting,Data Engineer,1,1,0,0,0,0,0,0,0,0,0,0,0,0,0,95.5
Consulting,Senior Spark Engineer (Data Science),1,1,0,0,0,1,0,1,0,0,0,0,0,1,0,106.5
Consulting,SQL Data Engineer,1,1,0,0,0,0,1,1,1,0,1,0,0,0,0,93.0
Consulting,Data Scientist,1,1,0,0,0,1,1,1,1,0,1,0,0,0,0,94.0
Consulting,Data Scientist,1,0,1,0,0,0,0,0,0,0,0,0,0,0,0,96.5
Consulting,Data Scientist,1,1,0,0,0,1,1,1,1,0,0,0,0,0,0,115.0
Consulting,Data Scientist,1,1,0,0,0,1,1,1,1,0,0,0,0,0,0,115.0
Consulting,Sr. Data Engineer,1,1,0,0,0,1,1,1,0,0,0,0,0,1,0,122.5
Consulting,Sr. Data Engineer,1,1,0,0,0,1,1,1,0,0,0,0,0,1,0,122.5
Consulting,Sr. Data Engineer,1,1,0,0,0,1,1,1,0,0,0,0,0,1,0,122.5
Consulting,Data Scientist,1,0,0,0,0,0,0,0,0,0,0,0,0,0,0,114.0
Consulting,Data Science All Star Program - Data Engineer Track,1,0,0,0,0,1,1,1,0,0,0,0,0,0,0,134.0
Consulting,Data Scientist,1,0,0,0,0,0,1,0,1,1,0,0,0,0,0,161.0
Consulting,Data Scientist,1,0,0,0,0,0,0,0,1,0,0,0,0,0,0,161.0
Consulting,Clinical Data Analyst,1,0,0,0,0,0,0,0,0,0,0,0,0,0,0,164.0
Consulting,Data Scientist,1,0,0,0,0,0,0,0,0,0,0,0,0,0,0,92.0
Consulting,Data Scientist,1,0,0,0,0,0,1,1,1,0,0,0,0,0,0,92.0
Consulting,Data Scientist,1,0,0,0,0,0,0,0,0,0,0,0,0,0,0,97.0
Consulting,Data Scientist,1,0,0,0,0,0,0,0,0,0,0,0,0,0,0,106.0
Consulting,Data Scientist,1,0,0,0,0,1,0,0,0,0,0,0,0,0,0,114.0
Consulting,Data Scientist/Data Analytics Practitioner,1,0,0,0,0,0,0,0,0,0,0,0,0,0,0,114.0
Consulting,Data Scientist,1,0,0,0,0,0,0,1,0,0,0,0,0,0,0,123.0
Consulting,Data Scientist,1,0,0,0,0,0,0,0,0,0,0,0,0,0,0,123.0
Consulting,Data Scientist,1,0,0,0,0,0,0,1,0,0,0,0,0,0,0,107.0
Consulting,Data Scientist,1,0,0,0,0,1,1,1,1,0,0,0,0,0,0,115.0
Consulting,Senior Data Scientist,1,0,0,0,0,0,0,0,0,0,0,0,0,0,0,237.5
Consulting,Data Scientist,1,1,0,0,0,1,1,1,1,0,1,0,0,0,0,72.5
Consulting,Survey Data Analyst,1,1,0,0,0,0,0,0,0,0,0,0,0,0,0,76.0
Consulting,Data Scientist,1,1,0,0,0,0,1,1,1,0,0,0,0,0,0,81.0
Consulting,Data Engineer,1,1,0,0,0,0,0,1,0,0,0,0,0,0,0,87.0
Consulting,Data Scientist/ML Engineer,1,1,0,0,0,1,1,0,1,0,0,0,0,1,0,97.0
Consulting,Data Scientist,1,1,1,0,1,1,0,1,0,0,0,0,0,0,0,114.0
Consulting,Data Scientist,1,1,1,0,1,1,0,1,0,0,0,0,0,0,0,114.0
Consulting,Data & Analytics Consultant (NYC),1,1,0,0,0,0,0,0,1,0,0,0,0,0,0,114.5
Consulting,Senior Data Scientist,1,1,0,0,0,0,1,1,1,0,0,0,0,0,0,128.5
Consulting,Senior Data Scientist,1,1,0,0,0,0,1,1,1,0,0,0,0,0,0,128.5
Consulting,Senior Data Scientist,1,1,0,0,0,0,1,1,1,0,0,0,0,0,0,128.5
Consulting,Data Analyst,1,0,0,0,0,0,0,0,1,0,0,0,0,0,0,134.0
Consulting,Data Scientist,1,0,0,0,0,0,0,0,0,0,0,0,0,0,0,161.0
Consulting,Data Scientist,1,0,0,0,0,0,0,1,0,0,0,0,0,0,0,154.0
Consulting,Data Scientist,1,0,0,0,0,0,0,1,0,0,0,0,0,0,0,154.0
Consulting,Data Scientist,1,0,0,0,0,0,0,0,1,0,0,0,0,0,0,271.0
Consulting,Data Scientist,1,0,0,0,0,0,0,1,0,0,0,0,0,0,0,103.0
Consulting,Data Scientist,1,0,0,0,0,0,0,0,0,0,0,0,0,0,0,92.0
Consulting,Data Scientist,1,0,0,0,0,0,1,1,1,0,0,0,0,0,0,106.0
Consulting,Data Scientist,1,0,0,0,0,1,1,0,1,0,0,0,0,0,0,114.0
Consulting,Data Scientist,1,0,0,0,0,0,0,0,0,0,0,0,0,0,0,107.0
Consulting,Director of Data Science,1,0,0,0,0,0,0,1,0,0,0,0,0,0,0,120.0
Consulting,Data Scientist,1,0,0,0,0,1,1,1,0,0,0,0,0,0,0,123.0
Consulting,Data Analyst,1,0,0,0,0,0,0,0,1,0,0,0,0,0,0,107.0
Consulting,Data Scientist,1,0,0,0,0,0,0,0,1,0,0,0,0,0,0,115.0
Consulting,Data Scientist,1,0,0,0,0,0,0,1,0,0,0,0,0,0,0,115.0
Consumer Electronics & Appliances Stores,Data Scientist,1,0,0,0,0,0,0,0,0,0,0,0,0,0,0,154.0
Consumer Electronics & Appliances Stores,Data Scientist,1,0,0,0,0,0,0,0,0,0,0,0,0,0,0,105.0
Consumer Product Rental,Data Engineer - ETL,1,1,0,0,0,1,0,1,0,0,0,0,0,0,0,65.0
Consumer Product Rental,Data Scientist,1,1,0,0,0,0,0,0,0,0,0,0,0,0,0,97.5
Consumer Product Rental,Data Scientist,1,1,0,0,0,0,0,0,0,0,0,0,0,0,0,97.5
Consumer Products Manufacturing,Scientist,0,0,0,0,0,0,0,1,0,0,0,0,0,0,0,82.5
Consumer Products Manufacturing,Scientist Manufacturing - Kentucky BioProcessing,0,0,0,0,0,0,0,0,0,0,0,0,0,0,0,103.5
Consumer Products Manufacturing,Scientist Manufacturing - Kentucky BioProcessing,0,0,0,0,0,0,0,0,0,0,0,0,0,0,0,103.5
Consumer Products Manufacturing,Scientist Manufacturing Pharma - Kentucky BioProcessing,0,0,0,0,0,0,0,0,0,0,0,0,0,0,0,103.5
Consumer Products Manufacturing,Scientist Manufacturing Pharma - Kentucky BioProcessing,0,0,0,0,0,0,0,0,0,0,0,0,0,0,0,103.5
Consumer Products Manufacturing,Senior Scientist - Toxicologist - Product Integrity (Stewardship),0,0,0,0,0,0,0,0,0,0,0,0,0,0,0,74.0
Consumer Products Manufacturing,Senior Scientist - Toxicologist - Product Integrity (Stewardship),0,0,0,0,0,0,0,0,0,0,0,0,0,0,0,74.0
Consumer Products Manufacturing,Associate Scientist,0,0,0,0,0,0,0,0,0,0,0,0,0,0,0,81.5
Consumer Products Manufacturing,Scientist - Analytical Services,0,0,0,0,0,0,0,0,0,0,0,0,0,0,0,99.5
Consumer Products Manufacturing,Scientist - Analytical Services,0,0,0,0,0,0,0,0,0,0,0,0,0,0,0,99.5
Consumer Products Manufacturing,Scientist - Analytical Services,0,0,0,0,0,0,0,0,0,0,0,0,0,0,0,99.5
Consumer Products Manufacturing,Senior Scientist - Biostatistician,0,0,0,0,0,0,0,0,0,0,0,0,0,0,0,80.5
Consumer Products Manufacturing,Senior Scientist - Biostatistician,0,0,0,0,0,0,0,0,0,0,0,0,0,0,0,80.5
Consumer Products Manufacturing,Senior Scientist - Regulatory Submissions,0,0,0,0,0,0,0,0,0,0,0,0,0,0,0,117.5
Consumer Products Manufacturing,Senior Scientist - Regulatory Submissions,0,0,0,0,0,0,0,0,0,0,0,0,0,0,0,117.5
Consumer Products Manufacturing,Senior Scientist - Regulatory Submissions,0,0,0,0,0,0,0,0,0,0,0,0,0,0,0,117.5
Consumer Products Manufacturing,Senior Scientist - Toxicologist - Product Integrity (Stewardship),0,0,0,0,0,0,0,0,0,0,0,0,0,0,0,136.0
Consumer Products Manufacturing,Senior Scientist - Toxicologist - Product Integrity (Stewardship),0,0,0,0,0,0,0,0,0,0,0,0,0,0,0,148.0
Consumer Products Manufacturing,Global Data Analyst,0,0,0,0,0,0,0,0,1,0,0,0,0,0,0,105.0
Consumer Products Manufacturing,Data Scientist (Warehouse Automation),1,1,0,0,0,0,0,1,1,0,1,0,0,0,0,103.0
Consumer Products Manufacturing,Data Analyst - Unilever Prestige,1,0,0,0,0,0,0,0,1,0,0,0,0,0,0,92.0
Consumer Products Manufacturing,Data Analyst - Unilever Prestige,1,0,0,0,0,0,0,0,1,0,0,0,0,0,0,113.0
Consumer Products Manufacturing,Supply Chain Data Analyst,1,1,0,0,0,0,0,0,1,0,0,0,0,0,0,47.0
Consumer Products Manufacturing,BI & Platform Analytics Manager,1,0,0,0,0,0,0,0,1,0,1,0,0,0,0,109.5
Consumer Products Manufacturing,BI & Platform Analytics Manager,1,0,0,0,0,0,0,0,1,0,1,0,0,0,0,109.5
"Department, Clothing, & Shoe Stores",Staff Data Scientist - Technology,0,1,0,0,0,0,1,0,0,0,0,0,0,0,0,139.0
"Department, Clothing, & Shoe Stores",Staff Data Scientist - Technology,0,1,0,0,0,0,1,0,0,0,0,0,0,0,0,139.0
"Department, Clothing, & Shoe Stores",Digital Marketing & ECommerce Data Analyst,0,0,0,0,0,0,0,0,0,0,0,0,0,0,1,51.5
"Department, Clothing, & Shoe Stores",Digital Marketing & ECommerce Data Analyst,0,0,0,0,0,0,0,0,0,0,0,0,0,0,1,51.5
"Department, Clothing, & Shoe Stores",Data Scientist,1,0,0,0,0,1,0,0,0,1,0,0,0,0,0,107.0
"Department, Clothing, & Shoe Stores",Senior Data Analyst,1,1,0,0,0,0,0,0,0,0,0,0,0,0,1,87.5
"Department, Clothing, & Shoe Stores",Senior Data Analyst,1,1,0,0,0,0,0,0,0,0,0,0,0,0,1,87.5
Education Training Services,Data Scientist,1,1,0,0,0,0,1,1,1,0,0,0,0,0,0,75.5
Education Training Services,Data Scientist,1,1,0,0,0,0,1,1,1,0,0,0,0,0,0,75.5
Education Training Services,"Data Scientist, Rice University",1,1,1,0,0,0,0,0,0,0,0,0,0,0,0,87.5
Electrical & Electronic Manufacturing,Data Scientist,0,0,0,0,0,0,0,0,0,0,0,0,0,0,0,183.0
Electrical & Electronic Manufacturing,Senior Data Scientist,1,0,0,0,0,1,1,1,1,1,0,0,0,0,0,99.0
Electrical & Electronic Manufacturing,Data Scientist,1,0,0,0,0,0,0,1,0,0,0,0,0,0,0,154.0
Energy,Data Scientist in Artificial Intelligence Early Career,0,0,1,0,1,0,0,0,0,0,0,0,0,0,0,67.0
Energy,Data Scientist in Artificial Intelligence Early Career,0,0,1,0,1,0,0,0,0,0,0,0,0,0,0,67.0
Energy,Senior Data Scientist Artificial Intelligence,0,0,1,0,1,0,0,0,0,0,0,0,0,0,0,80.5
Energy,Senior Data Scientist Artificial Intelligence,0,0,1,0,1,0,0,0,0,0,0,0,0,0,0,80.5
Energy,Senior Data Scientist Statistics,0,0,0,0,0,0,0,0,0,0,0,0,0,0,0,98.5
Energy,Senior Data Scientist 4 Artificial Intelligence,0,0,1,0,1,0,0,0,0,0,0,0,0,0,0,119.0
Energy,Senior Data Scientist 4 Artificial Intelligence,0,0,1,0,1,0,0,0,0,0,0,0,0,0,0,119.0
Energy,"Data Scientist - Statistics, Mid-Career",0,0,0,0,0,0,0,0,0,0,0,0,0,0,0,120.0
Energy,Excel / VBA / SQL Data Analyst,0,1,0,0,0,0,0,0,0,0,0,0,0,0,0,61.0
Energy,Excel / VBA / SQL Data Analyst,0,1,0,0,0,0,0,0,0,0,0,0,0,0,0,61.0
Energy,"Data Scientist - Statistics, Early Career",0,0,0,0,0,0,0,0,0,0,0,0,0,0,0,154.0
Energy,"Data Scientist - Statistics, Early Career",0,0,0,0,0,0,0,0,0,0,0,0,0,0,0,76.0
Energy,Data Scientist - Bioinformatics,1,0,0,0,0,0,0,0,0,0,0,0,0,0,0,67.0
Energy,Computational Chemist/Data Scientist,1,0,0,0,0,0,0,0,0,0,0,0,0,0,0,76.5
Energy,Computational Chemist/Data Scientist,1,0,0,0,0,0,0,0,0,0,0,0,0,0,0,76.5
Energy,Data Scientist,1,0,0,0,0,0,0,0,0,0,0,0,0,0,0,76.5
Energy,Data Scientist,1,0,0,0,0,0,0,0,0,0,0,0,0,0,0,76.5
Energy,Data Scientist,1,0,0,0,0,0,0,0,0,1,0,0,0,0,0,114.0
Energy,Data Scientist,1,0,0,0,0,0,0,0,0,1,0,0,0,0,0,89.0
Enterprise Software & Network Solutions,Data Scientist - Health Data Analytics,0,1,0,0,0,0,0,0,0,0,0,0,0,0,0,142.5
Enterprise Software & Network Solutions,Data Scientist - Health Data Analytics,0,1,0,0,0,0,0,0,0,0,0,0,0,0,0,142.5
Enterprise Software & Network Solutions,Data Scientist - Algorithms & Inference,0,0,0,0,0,0,0,0,0,0,0,0,0,0,0,142.5
Enterprise Software & Network Solutions,Data Scientist - Algorithms & Inference,0,0,0,0,0,0,0,0,0,0,0,0,0,0,0,142.5
Enterprise Software & Network Solutions,Sr. Data Engineer | Big Data SaaS Pipeline,0,0,0,0,0,1,1,1,0,0,0,1,0,0,0,103.0
Enterprise Software & Network Solutions,Senior Machine Learning Engineer,0,0,0,0,0,1,0,1,0,0,0,0,0,0,0,136.0
Enterprise Software & Network Solutions,Senior Machine Learning Engineer,0,0,0,0,0,1,0,1,0,0,0,0,0,0,0,148.0
Enterprise Software & Network Solutions,Data Scientist,0,0,0,0,0,1,1,0,0,0,0,0,0,0,0,114.0
Enterprise Software & Network Solutions,Data Scientist,0,0,0,0,0,0,0,0,0,0,0,0,0,0,0,99.0
Enterprise Software & Network Solutions,Data Scientist,0,0,0,0,0,0,0,0,0,1,0,0,0,0,0,107.0
Enterprise Software & Network Solutions,Data Scientist,0,0,1,0,0,1,0,0,0,0,0,0,0,0,0,132.5
Enterprise Software & Network Solutions,Principal Data Scientist,0,0,0,0,0,0,0,1,0,0,0,0,0,0,0,194.0
Enterprise Software & Network Solutions,Principal Data Scientist,0,0,0,0,0,0,0,1,0,0,0,0,0,0,0,194.0
Enterprise Software & Network Solutions,Associate Data Analyst,0,0,0,0,0,0,0,0,0,0,0,0,0,0,0,29.5
Enterprise Software & Network Solutions,Clinical Data Analyst,0,1,0,0,0,0,0,0,0,0,0,0,0,0,0,37.5
Enterprise Software & Network Solutions,Clinical Data Analyst,0,1,0,0,0,0,0,0,0,0,0,0,0,0,0,37.5
Enterprise Software & Network Solutions,E-Commerce Data Analyst,0,1,0,0,0,0,0,0,0,0,0,0,0,0,0,48.0
Enterprise Software & Network Solutions,Senior Data Analyst,0,1,0,0,0,0,0,0,0,0,1,0,0,0,0,55.0
Enterprise Software & Network Solutions,System and Data Analyst,0,0,0,0,0,0,0,0,0,0,0,0,0,0,0,59.0
Enterprise Software & Network Solutions,Data Architect / Data Modeler,0,1,0,0,0,0,0,1,0,0,0,0,0,0,0,86.5
Enterprise Software & Network Solutions,Data Analyst II,0,0,0,0,0,0,0,0,0,0,0,0,0,0,0,154.0
Enterprise Software & Network Solutions,Data Scientist,0,0,0,0,0,1,0,0,0,1,0,0,0,0,0,154.0
Enterprise Software & Network Solutions,E-Commerce Data Analyst,0,0,0,0,0,0,0,0,0,0,0,0,0,0,0,103.0
Enterprise Software & Network Solutions,Data Engineer,0,0,0,0,0,0,0,1,0,1,0,0,0,0,0,103.0
Enterprise Software & Network Solutions,Data Science Instructor,0,0,0,0,0,0,0,0,0,0,0,0,0,0,0,92.0
Enterprise Software & Network Solutions,Data Scientist,0,0,0,0,0,0,0,0,0,0,0,0,0,0,0,106.0
Enterprise Software & Network Solutions,Tableau Data Engineer 20-0117,0,0,0,0,0,1,0,0,1,0,0,0,0,0,0,99.0
Enterprise Software & Network Solutions,Data Scientist,0,0,0,0,0,0,0,1,0,0,0,0,0,0,0,155.0
Enterprise Software & Network Solutions,Data Scientist,0,0,0,0,0,0,0,1,0,0,0,0,0,0,0,155.0
Enterprise Software & Network Solutions,"Data Scientist, Senior",1,1,0,0,0,0,0,1,0,0,0,0,0,1,0,142.0
Enterprise Software & Network Solutions,Data Scientist,1,0,1,1,0,0,0,1,0,0,0,0,0,0,0,143.0
Enterprise Software & Network Solutions,Data Scientist,1,0,1,1,0,0,0,1,0,0,0,0,0,0,0,143.0
Enterprise Software & Network Solutions,Senior Data Scientist,1,0,1,1,0,0,0,1,0,0,0,0,0,0,0,147.0
Enterprise Software & Network Solutions,Senior Data Scientist - Algorithms,1,0,0,0,0,0,1,0,0,0,0,0,1,0,0,165.0
Enterprise Software & Network Solutions,Salesforce Analytics Consultant,1,1,0,0,0,0,0,0,1,0,1,0,0,0,0,66.5
Enterprise Software & Network Solutions,Salesforce Analytics Consultant,1,1,0,0,0,0,0,0,1,0,1,0,0,0,0,66.5
Enterprise Software & Network Solutions,Analytics Consultant,1,0,0,0,0,0,0,0,1,0,0,0,0,0,0,66.5
Enterprise Software & Network Solutions,Big Data Engineer,1,0,0,0,0,1,1,0,0,0,0,0,0,0,0,90.5
Enterprise Software & Network Solutions,Senior Data Engineer,1,1,0,0,0,1,1,1,0,0,0,1,0,0,0,97.0
Enterprise Software & Network Solutions,Senior Data Analyst,1,1,0,0,0,0,0,0,0,0,0,0,0,0,0,94.0
Enterprise Software & Network Solutions,Data Engineer,1,0,0,0,0,1,1,0,0,0,0,0,0,0,0,109.0
Enterprise Software & Network Solutions,Data Engineer,1,0,0,0,0,1,1,0,0,0,0,0,0,0,0,109.0
Enterprise Software & Network Solutions,Data Scientist,1,1,0,0,0,0,0,0,0,0,0,0,0,0,0,120.5
Enterprise Software & Network Solutions,Senior Data Scientist,1,1,0,0,0,0,0,1,0,0,0,0,0,0,0,123.5
Enterprise Software & Network Solutions,Senior Data Scientist - Algorithms,1,0,0,0,0,0,1,0,0,0,0,0,0,0,0,133.0
Enterprise Software & Network Solutions,Data Scientist,1,0,0,0,0,1,0,1,0,0,0,0,0,0,0,134.0
Enterprise Software & Network Solutions,Data Scientist,1,0,0,0,0,0,0,0,0,0,0,0,0,0,0,134.0
Enterprise Software & Network Solutions,Data Scientist,1,0,0,0,0,1,1,0,1,0,0,0,0,0,0,161.0
Enterprise Software & Network Solutions,Data Scientist,1,0,0,0,0,1,1,0,1,1,0,0,0,0,0,161.0
Enterprise Software & Network Solutions,Data Scientist,1,0,0,0,0,0,0,0,0,0,0,0,0,0,0,154.0
Enterprise Software & Network Solutions,Data Scientist,1,0,0,0,0,1,0,1,0,0,0,0,0,0,0,43.0
Enterprise Software & Network Solutions,Data Scientist,1,0,0,0,0,0,0,0,0,0,0,0,0,0,0,103.0
Enterprise Software & Network Solutions,Data Scientist,1,0,0,0,0,0,0,0,0,0,0,0,0,0,0,99.0
Enterprise Software & Network Solutions,Data Scientist,1,0,0,0,0,1,1,0,0,0,0,0,0,0,0,123.0
Enterprise Software & Network Solutions,Data Scientist,1,0,0,0,0,0,0,0,0,0,0,0,0,0,0,115.0
Enterprise Software & Network Solutions,Data Analytics Engineer,1,0,0,0,0,1,0,0,0,0,0,0,0,0,0,115.0
Enterprise Software & Network Solutions,Data Scientist Manager,1,1,0,0,0,1,1,0,0,0,0,0,1,1,0,147.0
Enterprise Software & Network Solutions,Customer Data Scientist,1,0,0,0,0,1,1,1,0,0,0,0,0,0,0,153.5
Enterprise Software & Network Solutions,Customer Data Scientist,1,0,0,0,0,1,1,1,0,0,0,0,0,0,0,153.5
Enterprise Software & Network Solutions,Data Scientist,1,0,1,0,0,1,0,0,0,0,0,1,0,0,0,154.5
Enterprise Software & Network Solutions,Data Scientist,1,0,1,0,0,1,0,0,0,0,0,1,0,0,0,154.5
Enterprise Software & Network Solutions,Data Analyst,1,1,0,0,0,0,0,0,1,0,1,0,0,0,0,69.0
Enterprise Software & Network Solutions,Data Scientist,1,1,0,0,0,1,1,0,0,0,0,0,0,0,0,85.5
Enterprise Software & Network Solutions,Customer Data Scientist/Sales Engineer,1,0,1,1,0,1,1,1,0,0,0,0,1,0,0,137.5
Enterprise Software & Network Solutions,Data Scientist,1,1,0,0,0,0,0,0,1,0,1,0,1,0,0,100.5
Enterprise Software & Network Solutions,Customer Data Scientist/Sales Engineer (Bay,1,0,1,1,0,1,1,1,0,0,0,0,1,0,0,150.5
Enterprise Software & Network Solutions,Data Scientist,1,0,0,0,0,0,0,1,0,0,0,0,0,0,0,133.0
Enterprise Software & Network Solutions,Data Scientist,1,0,0,0,0,0,0,0,0,0,0,0,0,0,0,133.0
Enterprise Software & Network Solutions,Senior Data Analyst,1,0,0,0,0,0,0,0,0,0,0,0,0,0,0,136.0
Enterprise Software & Network Solutions,Data Scientist,1,0,0,0,0,0,0,0,1,0,0,0,0,0,0,114.0
Enterprise Software & Network Solutions,Data Scientist,1,0,0,0,0,1,0,0,0,1,0,0,0,0,0,134.0
Enterprise Software & Network Solutions,Data Scientist,1,0,0,0,0,0,0,1,0,0,0,0,0,0,0,154.0
Enterprise Software & Network Solutions,Senior Data Analyst,1,0,0,0,0,0,0,0,0,0,0,0,0,0,0,148.0
Enterprise Software & Network Solutions,Data Scientist,1,0,0,0,0,0,0,0,1,1,0,0,0,0,0,43.0
Enterprise Software & Network Solutions,Data Scientist,1,0,0,0,0,1,1,1,0,1,0,0,0,0,0,89.0
Enterprise Software & Network Solutions,Data Scientist,1,0,0,0,0,0,0,0,1,0,0,0,0,0,0,103.0
Enterprise Software & Network Solutions,Data Scientist,1,0,0,0,0,1,1,1,0,0,0,0,0,0,0,103.0
Enterprise Software & Network Solutions,Business Intelligence Analyst,1,0,0,0,0,0,0,0,1,0,0,0,0,0,0,103.0
Enterprise Software & Network Solutions,Data Scientist,1,0,0,0,0,1,0,0,0,1,0,0,0,0,0,103.0
Enterprise Software & Network Solutions,Data Scientist,1,0,0,0,0,0,0,0,1,1,0,0,0,0,0,105.0
Enterprise Software & Network Solutions,"Data Engineer, Digital & Comp Pathology",1,0,0,0,0,0,0,1,0,0,0,0,0,0,0,120.0
Enterprise Software & Network Solutions,Senior Data Scientist,1,0,0,0,0,0,0,1,0,0,0,0,0,0,0,115.0
Express Delivery Services,Data Scientist,1,0,0,0,0,1,0,0,0,0,0,0,0,0,0,161.0
Express Delivery Services,Data Scientist,1,0,0,0,0,1,0,0,0,0,0,0,0,0,0,103.0
Farm Support Services,Ag Data Scientist,0,0,0,0,0,0,0,0,0,0,0,0,0,0,0,80.5
Farm Support Services,Data Scientist,1,0,0,0,0,0,0,0,0,1,0,0,0,0,0,106.0
Federal Agencies,Medical Technologist / Clinical Laboratory Scientist,0,0,0,0,0,0,0,0,0,0,0,0,0,0,0,41.5
Federal Agencies,Senior Data Science Systems Engineer,0,0,0,0,0,0,0,0,0,0,0,0,0,0,0,77.5
Federal Agencies,Senior Data Science Systems Engineer,0,0,0,0,0,0,0,0,0,0,0,0,0,0,0,77.5
Federal Agencies,Senior Data Science Systems Engineer,0,0,0,0,0,0,0,0,0,0,0,0,0,0,0,77.5
Federal Agencies,Hydrogen/Tritium Materials Scientist (Experienced),0,0,0,0,0,0,0,0,0,0,0,0,0,0,0,148.0
Federal Agencies,Data Scientist,0,0,0,0,0,0,0,0,0,0,0,0,0,0,0,106.0
Federal Agencies,Associate Data Scientist/Computer Scientist,1,0,0,0,0,1,1,0,0,0,0,0,0,0,0,81.5
Federal Agencies,Research Scientist – Security and Privacy,1,0,0,0,0,0,0,0,0,0,0,0,0,0,0,93.5
Federal Agencies,Research Scientist – Security and Privacy,1,0,0,0,0,0,0,0,0,0,0,0,0,0,0,93.5
Federal Agencies,Data Engineer,1,0,0,0,0,0,0,0,0,0,0,0,0,0,0,136.0
Federal Agencies,Data Engineer,1,0,0,0,0,0,0,0,0,0,0,0,0,0,0,164.0
Federal Agencies,Data Scientist,1,0,0,0,0,0,0,0,1,0,0,0,0,0,0,154.0
Federal Agencies,Data Scientist,1,0,0,0,0,0,0,0,1,0,0,0,0,0,0,185.0
Federal Agencies,Machine Learning Engineer,1,0,0,0,0,0,0,0,0,0,0,0,0,0,0,76.0
Federal Agencies,Machine Learning Engineer,1,0,0,0,0,0,0,0,0,0,0,0,0,0,0,97.0
Federal Agencies,AI Data Scientist,1,0,0,0,0,0,0,0,0,0,0,0,0,0,0,99.0
Federal Agencies,Data Scientist - Systems Engineering,1,1,0,0,0,0,0,0,1,0,0,0,0,1,0,69.5
Federal Agencies,Data Scientist - Systems Engineering,1,1,0,0,0,0,0,0,1,0,0,0,0,1,0,69.5
Federal Agencies,Data Scientist,1,1,0,0,0,0,0,0,1,0,1,0,0,1,0,97.5
Federal Agencies,Jr. Data Scientist,1,1,0,0,0,1,1,0,1,0,0,0,0,0,0,106.5
Federal Agencies,Experienced Data Scientist,1,0,0,0,0,1,1,0,1,0,0,0,0,0,0,133.0
Federal Agencies,Aviation AI/ML Data Scientist,1,0,0,0,0,1,1,0,1,1,0,0,0,0,0,164.0
Federal Agencies,Experienced Data Scientist,1,0,0,0,0,1,1,0,1,0,0,0,0,0,0,154.0
Federal Agencies,Lead Data Scientist – Network Analysis and Control,1,0,0,0,0,1,1,1,0,1,0,0,0,0,0,148.0
Federal Agencies,Data Scientist,1,0,0,0,0,0,0,0,1,0,0,0,0,0,0,103.0
Federal Agencies,Data Scientist,1,0,0,0,0,0,0,0,1,0,0,0,0,0,0,113.0
Federal Agencies,Data Scientist,1,0,0,0,0,0,0,0,0,1,0,0,0,0,0,120.0
Financial Analytics & Research,Senior Data Scientist,1,0,0,0,0,0,0,0,0,0,0,0,0,0,0,148.0
Financial Analytics & Research,Senior Data Scientist,1,0,0,0,0,0,0,0,0,0,0,0,0,0,0,148.0
Financial Analytics & Research,Insurance Data Scientist,1,1,0,0,0,1,0,0,0,0,0,0,0,0,0,85.0
Financial Analytics & Research,Senior Insurance Data Scientist,1,1,0,0,0,0,0,0,0,0,0,0,0,0,0,140.0
Financial Analytics & Research,Senior Insurance Data Scientist,1,1,0,0,0,0,0,0,0,0,0,0,0,0,0,140.0
Financial Analytics & Research,Senior Insurance Data Scientist,1,1,0,0,0,0,0,0,0,0,0,0,0,0,0,140.0
Financial Analytics & Research,Lead Data Scientist,1,1,0,0,0,0,0,0,0,0,0,0,0,0,0,180.0
Financial Analytics & Research,Lead Data Scientist,1,1,0,0,0,0,0,0,0,0,0,0,0,0,0,180.0
Financial Transaction Processing,Senior Risk Data Scientist,0,1,0,0,0,0,0,0,0,0,0,0,0,0,0,139.5
Financial Transaction Processing,Senior Risk Data Scientist,0,1,0,0,0,0,0,0,0,0,0,0,0,0,0,139.5
Financial Transaction Processing,"Senior Operations Data Analyst, Call Center Operations",0,0,0,0,0,0,0,0,1,0,0,0,0,0,0,27.5
Financial Transaction Processing,"Senior Operations Data Analyst, Call Center Operations",0,0,0,0,0,0,0,0,1,0,0,0,0,0,0,27.5
Financial Transaction Processing,Data Scientist,1,0,0,0,0,0,0,0,1,0,0,0,0,0,0,185.0
Financial Transaction Processing,Data Scientist,1,0,0,0,0,0,0,0,1,0,0,0,0,0,0,43.0
Food & Beverage Manufacturing,R&D Specialist/ Food Scientist,0,0,0,0,0,0,0,0,0,0,0,0,0,0,0,52.5
Food & Beverage Manufacturing,R&D Specialist/ Food Scientist,0,0,0,0,0,0,0,0,0,0,0,0,0,0,0,52.5
Food & Beverage Manufacturing,R&D Specialist/ Food Scientist,0,0,0,0,0,0,0,0,0,0,0,0,0,0,0,52.5
Food & Beverage Manufacturing,R&D Specialist/ Food Scientist,0,0,0,0,0,0,0,0,0,0,0,0,0,0,0,52.5
Food & Beverage Manufacturing,Food Scientist - Developer,0,0,0,0,0,0,0,0,0,0,0,0,0,0,0,54.0
Food & Beverage Manufacturing,Food Scientist - Developer,0,0,0,0,0,0,0,0,0,0,0,0,0,0,0,54.0
Food & Beverage Manufacturing,Food Scientist - Developer,0,0,0,0,0,0,0,0,0,0,0,0,0,0,0,54.0
Food & Beverage Manufacturing,Food Scientist - Developer,0,0,0,0,0,0,0,0,0,0,0,0,0,0,0,54.0
Food & Beverage Manufacturing,Data Scientist,1,0,0,0,0,1,0,1,0,0,0,0,0,0,0,148.0
Food & Beverage Manufacturing,Data Scientist,1,0,0,0,0,1,0,1,0,0,0,0,0,0,0,105.0
Food & Beverage Manufacturing,"Data Scientist, Kinship - NYC/Portland",1,0,0,0,0,1,0,0,0,0,0,0,0,0,0,123.0
Food & Beverage Manufacturing,"Data Scientist, Kinship - NYC/Portland",1,0,0,0,0,1,0,0,0,0,0,0,0,0,0,115.0
Food & Beverage Stores,Data Scientist,1,0,0,0,0,0,0,0,0,0,0,0,0,0,0,183.0
Gambling,Marketing Data Analyst,0,1,0,0,0,0,0,0,1,0,0,0,0,0,1,48.5
Gambling,Marketing Data Analyst,0,1,0,0,0,0,0,0,1,0,0,0,0,0,1,48.5
Gambling,Marketing Data Analyst,0,1,0,0,0,0,0,0,1,0,0,0,0,0,1,48.5
Gambling,Marketing Data Analyst,0,1,0,0,0,0,0,0,1,0,0,0,0,0,1,48.5
Gas Stations,Sr. Data Engineer - Contract-to-Hire (Java),1,1,0,0,0,0,0,0,0,0,0,0,0,0,0,98.0
Gas Stations,Sr. Data Engineer - Contract-to-Hire (Java),1,1,0,0,0,0,0,0,0,0,0,0,0,0,0,98.0
Gas Stations,Sr. Data Engineer - Contract-to-Hire (Java),1,1,0,0,0,0,0,0,0,0,0,0,0,0,0,98.0
Gas Stations,Sr. Data Engineer - Contract-to-Hire (Java),1,1,0,0,0,0,0,0,0,0,0,0,0,0,0,98.0
Health Care Products Manufacturing,"Data Analyst, Performance Partnership",0,1,0,0,0,0,0,1,1,0,1,0,0,0,0,73.0
Health Care Services & Hospitals,Medical Lab Scientist,0,0,0,0,0,0,0,0,0,0,0,0,0,0,0,42.0
Health Care Services & Hospitals,Medical Lab Scientist,0,0,0,0,0,0,0,0,0,0,0,0,0,0,0,42.0
Health Care Services & Hospitals,Medical Laboratory Scientist,0,0,0,0,0,0,0,1,0,0,0,0,0,0,0,44.5
Health Care Services & Hospitals,Medical Laboratory Scientist,0,0,0,0,0,0,0,1,0,0,0,0,0,0,0,44.5
Health Care Services & Hospitals,Medical Laboratory Scientist,0,0,0,0,0,0,0,1,0,0,0,0,0,0,0,44.5
Health Care Services & Hospitals,Medical Laboratory Scientist,0,0,0,0,0,0,0,1,0,0,0,0,0,0,0,44.5
Health Care Services & Hospitals,Medical Lab Scientist - MLT,0,0,0,0,0,0,0,0,0,0,0,0,0,0,0,51.5
Health Care Services & Hospitals,Medical Lab Scientist - MLT,0,0,0,0,0,0,0,0,0,0,0,0,0,0,0,51.5
Health Care Services & Hospitals,MED TECH/LAB SCIENTIST - LABORATORY,0,0,0,0,0,0,0,0,0,0,0,0,0,0,0,56.5
Health Care Services & Hospitals,MED TECH/LAB SCIENTIST - LABORATORY,0,0,0,0,0,0,0,0,0,0,0,0,0,0,0,56.5
Health Care Services & Hospitals,MED TECH/LAB SCIENTIST- SOUTH COASTAL LAB,0,0,0,0,0,0,0,0,0,0,0,0,0,0,0,56.5
Health Care Services & Hospitals,MED TECH/LAB SCIENTIST- SOUTH COASTAL LAB,0,0,0,0,0,0,0,0,0,0,0,0,0,0,0,56.5
Health Care Services & Hospitals,MED TECH/LAB SCIENTIST- SOUTH COASTAL LAB,0,0,0,0,0,0,0,0,0,0,0,0,0,0,0,56.5
Health Care Services & Hospitals,MED TECH/LAB SCIENTIST- SOUTH COASTAL LAB,0,0,0,0,0,0,0,0,0,0,0,0,0,0,0,56.5
Health Care Services & Hospitals,Clinical Laboratory Scientist,0,0,0,0,0,0,0,0,0,0,0,0,0,0,0,65.0
Health Care Services & Hospitals,Clinical Laboratory Scientist,0,0,0,0,0,0,0,0,0,0,0,0,0,0,0,65.0
Health Care Services & Hospitals,Clinical Laboratory Scientist,0,0,0,0,0,0,0,0,0,0,0,0,0,0,0,65.0
Health Care Services & Hospitals,Research Scientist,0,0,0,0,0,0,0,0,0,0,0,0,0,0,0,61.0
Health Care Services & Hospitals,Analytics Manager - Data Mart,0,1,0,0,0,0,0,0,1,0,0,0,0,0,0,64.0
Health Care Services & Hospitals,Analytics Manager - Data Mart,0,1,0,0,0,0,0,0,1,0,0,0,0,0,0,64.0
Health Care Services & Hospitals,Analytics Manager - Data Mart,0,1,0,0,0,0,0,0,1,0,0,0,0,0,0,64.0
Health Care Services & Hospitals,Analytics Manager - Data Mart,0,1,0,0,0,0,0,0,1,0,0,0,0,0,0,64.0
Health Care Services & Hospitals,"Principal Scientist, Chemistry & Immunology",0,0,0,0,0,0,0,0,0,0,0,0,0,0,0,84.5
Health Care Services & Hospitals,"Principal Scientist, Chemistry & Immunology",0,0,0,0,0,0,0,0,0,0,0,0,0,0,0,84.5
Health Care Services & Hospitals,"Principal Scientist, Chemistry & Immunology",0,0,0,0,0,0,0,0,0,0,0,0,0,0,0,84.5
Health Care Services & Hospitals,"Principal Scientist, Hematology",0,0,0,0,0,0,0,0,0,0,0,0,0,0,0,84.5
Health Care Services & Hospitals,"Principal Scientist, Hematology",0,0,0,0,0,0,0,0,0,0,0,0,0,0,0,84.5
Health Care Services & Hospitals,"Principal Scientist, Hematology",0,0,0,0,0,0,0,0,0,0,0,0,0,0,0,84.5
Health Care Services & Hospitals,"Senior Health Data Analyst, Star Ratings",0,1,0,0,0,0,0,0,0,0,0,0,0,0,0,107.5
Health Care Services & Hospitals,Sr Data Engineer (Sr BI Developer),0,1,0,0,0,0,1,0,0,0,0,0,0,0,0,100.0
Health Care Services & Hospitals,Sr Data Engineer (Sr BI Developer),0,1,0,0,0,0,1,0,0,0,0,0,0,0,0,100.0
Health Care Services & Hospitals,"Lead Certified Clinical Laboratory Scientist - Saturday - Tuesday, 8:00pm - 6:30am shift",0,0,0,0,0,0,0,0,0,0,0,0,0,0,0,136.0
Health Care Services & Hospitals,Analytics Manager - Data Mart,0,0,0,0,0,0,0,0,1,0,0,0,0,0,0,114.0
Health Care Services & Hospitals,Medical Lab Scientist,0,0,0,0,0,0,0,0,0,0,0,0,0,0,0,154.0
Health Care Services & Hospitals,"Health Plan Data Analyst, Sr",0,0,0,0,0,0,0,0,0,0,0,0,0,0,0,185.0
Health Care Services & Hospitals,"Health Plan Data Analyst, Sr",0,0,0,0,0,0,0,0,0,0,0,0,0,0,0,76.0
Health Care Services & Hospitals,Analytics Manager - Data Mart,0,0,0,0,0,0,0,0,1,0,0,0,0,0,0,92.0
Health Care Services & Hospitals,Data Analyst,0,0,0,0,0,0,0,0,0,0,0,0,0,0,0,105.0
Health Care Services & Hospitals,Sr Data Engineer (Sr BI Developer),0,0,0,0,0,0,1,0,0,1,0,0,0,0,0,115.0
Health Care Services & Hospitals,Junior Data Analyst,0,1,0,0,0,0,0,0,1,0,1,0,0,0,0,50.0
Health Care Services & Hospitals,Research Scientist,0,0,0,0,0,0,0,0,0,0,0,0,0,0,0,61.5
Health Care Services & Hospitals,Data Analyst,0,0,0,0,0,0,0,0,0,0,0,0,0,0,0,66.0
Health Care Services & Hospitals,Data Analyst,0,0,0,0,0,0,0,0,0,0,0,0,0,0,0,66.0
Health Care Services & Hospitals,Sr. Data Analyst,0,1,0,0,0,0,0,0,1,0,1,0,0,0,0,69.5
Health Care Services & Hospitals,Data Engineer,0,0,0,0,0,0,0,0,0,0,0,0,0,0,0,81.0
Health Care Services & Hospitals,Senior Data Engineer,0,0,0,0,0,0,1,1,0,0,0,0,0,0,0,109.0
Health Care Services & Hospitals,Senior Data Engineer,0,0,0,0,0,0,1,1,0,0,0,0,0,0,0,109.0
Health Care Services & Hospitals,Sr. Data Analyst,0,0,0,0,0,0,0,0,1,0,0,0,0,0,0,136.0
Health Care Services & Hospitals,Developer III - Data Science,0,0,0,0,0,0,0,0,1,0,0,0,0,0,0,148.0
Health Care Services & Hospitals,Data Analytics Engineer,0,0,0,0,0,0,0,1,1,0,0,0,0,0,0,103.0
Health Care Services & Hospitals,Data Engineer,0,0,0,0,0,1,1,1,1,0,0,0,0,0,0,114.0
Health Care Services & Hospitals,Healthcare Data Scientist,1,0,0,0,0,0,0,0,0,0,0,0,0,0,0,87.5
Health Care Services & Hospitals,Data Scientist,1,1,0,0,0,1,0,1,1,0,0,0,0,0,0,95.0
Health Care Services & Hospitals,Data Scientist,1,1,0,0,0,1,0,1,1,0,0,0,0,0,0,95.0
Health Care Services & Hospitals,Data Scientist,1,0,0,0,0,0,0,0,0,0,0,0,0,0,0,107.5
Health Care Services & Hospitals,Data Scientist II,1,1,0,0,0,1,0,0,1,0,0,0,0,0,0,119.5
Health Care Services & Hospitals,Data Scientist,1,1,0,0,0,0,0,0,0,0,0,0,0,0,0,124.0
Health Care Services & Hospitals,Data Scientist,1,0,0,0,0,0,0,0,0,0,0,0,0,0,0,183.0
Health Care Services & Hospitals,Data Scientist,1,0,0,0,0,0,0,0,1,0,0,0,0,0,0,92.0
Health Care Services & Hospitals,Data Scientist,1,0,0,0,0,0,0,1,0,0,0,0,0,0,0,106.0
Health Care Services & Hospitals,Data Engineer,1,0,0,0,0,0,0,0,0,0,0,0,0,0,0,115.0
Health Care Services & Hospitals,Data Science Manager,1,1,0,0,0,0,0,0,0,0,0,0,0,0,0,221.5
Health Care Services & Hospitals,Data Engineer,1,1,0,0,0,1,1,1,0,0,0,0,0,0,0,94.5
Health Care Services & Hospitals,Data Engineer,1,1,0,0,0,1,1,1,0,0,0,0,0,0,0,94.5
Health Care Services & Hospitals,Data Engineer,1,1,0,0,0,1,1,1,0,0,0,0,0,0,0,94.5
Health Care Services & Hospitals,Data Scientist,1,0,0,0,0,0,0,1,0,0,0,0,0,0,0,103.0
Health Care Services & Hospitals,Data Scientist,1,0,0,0,0,1,1,1,1,1,0,0,0,0,0,106.0
Health Care Services & Hospitals,Data Scientist,1,0,0,0,0,0,0,0,1,1,0,0,0,0,0,106.0
Health Care Services & Hospitals,Data Scientist,1,0,0,0,0,0,0,0,1,1,0,0,0,0,0,107.0
Health Care Services & Hospitals,Data Scientist,1,0,0,0,0,0,0,0,0,0,0,0,0,0,0,115.0
"Health, Beauty, & Fitness",Data Scientist,1,1,0,0,0,0,0,0,0,0,0,0,0,0,0,139.5
"Health, Beauty, & Fitness",Data Scientist,1,0,0,0,0,1,1,1,1,0,0,0,0,0,0,136.0
"Health, Beauty, & Fitness",Data Scientist,1,0,0,0,0,1,1,1,1,0,0,0,0,0,0,271.0
"Hotels, Motels, & Resorts",Data Scientist,1,0,0,0,0,1,0,0,0,0,0,0,0,0,0,183.0
IT Services,Data Engineer,0,1,0,0,0,1,1,0,1,0,1,0,0,0,0,75.5
IT Services,Scientist,0,0,0,0,0,0,0,0,0,0,0,0,0,0,0,85.5
IT Services,Data Engineer,0,0,0,0,0,0,0,0,0,0,0,0,0,0,0,87.0
IT Services,Data Scientist,0,0,0,0,0,0,0,0,0,0,0,0,0,0,0,89.0
IT Services,Data Scientist,0,0,0,0,0,0,0,1,0,0,0,0,0,0,0,88.5
IT Services,Data Engineer,0,0,0,0,0,0,0,1,0,0,0,0,0,0,0,109.0
IT Services,Data Engineer,0,0,0,0,0,0,0,1,0,0,0,0,0,0,0,109.0
IT Services,Data Engineer,0,0,0,0,0,0,0,1,0,0,0,0,0,0,0,109.0
IT Services,Data Modeler,0,0,0,0,0,0,0,0,0,0,0,0,0,0,0,106.5
IT Services,Computational Scientist,0,0,0,0,0,0,0,0,0,0,0,0,0,0,0,133.0
IT Services,Machine Learning Engineer,0,0,0,0,0,0,1,0,0,0,0,0,0,0,0,164.0
IT Services,Data Scientist,0,0,0,0,0,0,0,0,0,0,0,0,0,0,0,89.0
IT Services,Data Scientist,0,0,0,0,0,0,0,0,0,0,0,0,0,0,0,89.0
IT Services,Data Scientist,0,0,0,0,0,0,0,0,0,0,0,0,0,0,0,105.0
IT Services,Data Scientist,0,0,0,0,0,0,0,0,0,1,0,0,0,0,0,113.0
IT Services,Data Engineer,0,0,0,0,0,0,0,0,0,0,0,0,0,0,0,132.5
IT Services,Data Management Specialist,0,1,0,0,0,0,1,0,0,0,0,0,0,0,0,48.0
IT Services,Data Analyst,0,1,0,0,0,0,0,0,1,0,1,0,0,0,0,71.0
IT Services,Data Analyst,0,1,0,0,0,0,0,0,1,0,1,0,0,0,0,71.0
IT Services,Data Analyst / Scientist,0,0,0,0,0,0,0,0,0,0,0,0,0,0,0,72.5
IT Services,Consultant - Analytics Consulting,0,0,0,0,0,0,0,0,0,0,0,0,0,0,0,62.5
IT Services,Consultant - Analytics Consulting,0,0,0,0,0,0,0,0,0,0,0,0,0,0,0,62.5
IT Services,Consultant - Analytics Consulting,0,0,0,0,0,0,0,0,0,0,0,0,0,0,0,62.5
IT Services,Program/Data Analyst,0,1,0,0,0,0,0,0,1,0,0,0,0,0,0,77.0
IT Services,Data Scientist,0,0,0,0,0,0,0,0,0,0,0,0,0,0,0,136.0
IT Services,Data Analyst,0,0,0,0,0,0,0,0,1,0,0,0,0,0,0,183.0
IT Services,Data Scientist,0,0,0,0,0,0,0,0,0,0,0,0,0,0,0,89.0
IT Services,Data Scientist,0,0,0,0,0,0,0,1,0,1,0,0,0,0,0,97.0
IT Services,Data Scientist,0,0,0,0,0,0,0,1,0,0,0,0,0,0,0,106.0
IT Services,Lead Data Scientist,1,0,0,0,0,0,0,0,0,0,0,0,0,0,0,133.0
IT Services,Data Scientist,1,1,1,1,0,1,0,0,0,0,0,0,1,0,0,143.5
IT Services,Data Scientist,1,1,1,1,0,1,0,0,0,0,0,0,1,0,0,143.5
IT Services,Data Scientist,1,1,1,1,1,1,0,1,0,0,0,0,0,0,0,153.0
IT Services,Data Engineer,1,1,0,0,0,1,0,1,0,0,0,0,0,1,0,60.5
IT Services,Data Engineer,1,0,0,0,0,1,1,1,0,0,0,0,0,0,0,85.0
IT Services,Data Engineer,1,0,0,0,0,1,1,1,0,0,0,0,0,0,0,85.0
IT Services,Senior Machine Learning (ML) Engineer / Data Scientist - Cyber Security Analytics,1,1,0,0,0,1,1,0,1,0,0,0,0,0,0,89.5
IT Services,Data Engineer,1,1,0,0,0,1,0,0,1,0,0,0,0,0,0,95.5
IT Services,Data Scientist,1,1,0,0,0,0,0,0,1,0,0,0,0,0,0,109.0
IT Services,Data Scientist SR,1,1,0,0,0,1,1,0,0,0,0,0,0,0,0,112.0
IT Services,Data Scientist SR,1,1,0,0,0,1,1,0,0,0,0,0,0,0,0,112.0
IT Services,Data Scientist,1,1,0,0,0,0,0,0,0,0,0,0,0,0,0,113.5
IT Services,Data Scientist - TS/SCI FSP or CI Required,1,0,0,0,0,1,0,0,0,1,0,0,0,0,0,134.0
IT Services,Data Scientist,1,0,0,0,0,0,0,0,0,0,0,0,0,0,0,161.0
IT Services,Data Scientist,1,0,0,0,0,1,0,0,0,0,0,0,0,0,0,154.0
IT Services,Data Scientist,1,0,0,0,0,1,1,0,0,1,0,0,0,0,0,185.0
IT Services,Data Scientist,1,0,0,0,0,0,0,0,1,0,0,0,0,0,0,185.0
IT Services,Data Scientist - TS/SCI FSP or CI Required,1,0,0,0,0,1,0,0,0,1,0,0,0,0,0,43.0
IT Services,Data Scientist,1,0,0,0,0,0,1,1,0,0,0,0,0,0,0,43.0
IT Services,Computational Behavioral Scientist,1,0,0,0,0,0,0,0,0,0,0,0,0,0,0,76.0
IT Services,Data Engineer,1,0,0,0,0,0,0,1,0,1,0,0,0,0,0,76.0
IT Services,"Intelligence Data Analyst, Senior",1,0,0,0,0,0,0,0,0,0,0,0,0,0,0,89.0
IT Services,Data Scientist,1,0,0,0,0,0,0,0,0,0,0,0,0,0,0,92.0
IT Services,Data Scientist,1,0,0,0,0,0,0,0,0,0,0,0,0,0,0,97.0
IT Services,Data Scientist - TS/SCI FSP or CI Required,1,0,0,0,0,1,0,0,0,1,0,0,0,0,0,92.0
IT Services,Data Scientist - TS/SCI Required,1,0,0,0,0,1,0,0,0,1,0,0,0,0,0,92.0
IT Services,"Intelligence Data Analyst, Senior",1,0,0,0,0,0,0,0,0,0,0,0,0,0,0,92.0
IT Services,Machine Learning Engineer,1,0,0,0,0,1,1,1,0,0,0,0,0,0,0,105.0
IT Services,Data Scientist - TS/SCI FSP or CI Required,1,0,0,0,0,1,0,0,0,1,0,0,0,0,0,106.0
IT Services,Data Scientist,1,0,0,0,0,0,1,1,0,0,0,0,0,0,0,106.0
IT Services,Data Scientist,1,0,0,0,0,1,0,0,0,0,0,0,0,0,0,99.0
IT Services,Computational Behavioral Scientist,1,0,0,0,0,0,0,0,0,0,0,0,0,0,0,107.0
IT Services,Data Scientist,1,0,0,0,0,0,0,1,0,0,0,0,0,0,0,107.0
IT Services,Data Scientist,1,0,0,0,0,1,1,0,0,1,0,0,0,0,0,120.0
IT Services,Data Engineer,1,0,0,0,0,0,0,1,0,1,0,0,0,0,0,120.0
IT Services,Data Scientist,1,0,0,0,0,1,0,0,0,1,0,0,0,0,0,120.0
IT Services,Data Scientist - TS/SCI Required,1,0,0,0,0,1,0,0,0,1,0,0,0,0,0,123.0
IT Services,Data Scientist - TS/SCI Required,1,0,0,0,0,1,0,0,0,1,0,0,0,0,0,107.0
IT Services,Data Scientist,1,1,0,0,0,0,0,0,1,0,0,0,0,0,0,145.5
IT Services,Lead Data Scientist,1,1,0,0,0,0,0,0,1,0,0,0,0,0,0,184.5
IT Services,Lead Data Scientist,1,1,0,0,0,0,0,0,1,0,0,0,0,0,0,184.5
IT Services,Data Scientist,1,1,0,0,0,0,0,0,0,0,0,0,1,0,0,69.5
IT Services,Senior Data Analyst,1,1,0,0,0,0,0,0,1,0,0,0,0,0,0,77.5
IT Services,Senior Data Analyst,1,1,0,0,0,0,0,0,1,0,0,0,0,0,0,77.5
IT Services,Data Engineer,1,1,0,0,0,1,1,0,0,0,0,0,0,0,0,80.0
IT Services,Data Engineer,1,1,0,0,0,1,1,0,0,0,0,0,0,0,0,80.0
IT Services,Data Engineer - Consultant (Charlotte Based),1,1,0,0,0,0,1,0,0,0,0,0,0,0,0,85.5
IT Services,Data Engineer - Consultant (Charlotte Based),1,1,0,0,0,0,1,0,0,0,0,0,0,0,0,85.5
IT Services,Data Scientist,1,0,0,0,0,0,0,0,0,0,0,0,0,0,0,86.0
IT Services,Data Scientist,1,0,0,0,0,0,0,0,0,0,0,0,0,0,0,86.0
IT Services,Data Analyst,1,1,0,0,0,0,0,1,1,0,0,0,0,1,0,88.0
IT Services,Data Scientist,1,1,0,1,0,0,0,0,1,0,0,0,1,0,0,90.0
IT Services,Data Scientist,1,0,0,0,0,0,0,0,1,0,0,0,0,0,0,99.0
IT Services,Web Data Analyst,1,1,0,0,0,0,0,0,1,0,1,0,0,0,0,106.0
IT Services,Data Scientist,1,0,0,0,0,0,0,0,0,0,0,0,0,0,0,113.5
IT Services,Data Scientist,1,0,0,0,0,0,0,0,0,0,0,0,0,0,0,136.0
IT Services,Data Scientist,1,0,0,0,0,1,0,0,0,1,0,0,0,0,0,136.0
IT Services,Data Scientist,1,0,0,0,0,0,0,0,0,0,0,0,0,0,0,114.0
IT Services,Data Scientist,1,0,0,0,0,1,1,1,0,1,0,0,0,0,0,161.0
IT Services,Data Scientist,1,0,0,0,0,0,0,0,0,0,0,0,0,0,0,183.0
IT Services,Data Scientist,1,0,0,0,0,0,0,0,0,0,0,0,0,0,0,185.0
IT Services,Data Scientist,1,0,0,0,0,1,0,0,0,1,0,0,0,0,0,271.0
IT Services,Data Scientist,1,0,0,0,0,0,0,0,0,1,0,0,0,0,0,89.0
IT Services,Data Scientist,1,0,0,0,0,0,0,0,0,1,0,0,0,0,0,89.0
IT Services,Data Scientist,1,0,0,0,0,0,0,0,0,0,0,0,0,0,0,89.0
IT Services,Data Scientist- Industrial Discrete Sector Industry,1,0,0,0,0,0,0,1,0,0,0,0,0,0,0,92.0
IT Services,Data Scientist,1,0,0,0,0,0,0,0,0,0,0,0,0,0,0,92.0
IT Services,Data Scientist,1,0,0,0,0,0,0,0,1,0,0,0,0,0,0,92.0
IT Services,Data Scientist,1,0,0,0,0,1,1,0,0,1,0,0,0,0,0,97.0
IT Services,Data Scientist,1,0,0,0,0,0,0,0,0,0,0,0,0,0,0,103.0
IT Services,Data Scientist,1,0,0,0,0,0,0,0,1,0,0,0,0,0,0,106.0
IT Services,Data Scientist,1,0,0,0,0,0,0,0,0,0,0,0,0,0,0,106.0
IT Services,Data Scientist,1,0,0,0,0,0,0,0,1,0,0,0,0,0,0,113.0
IT Services,Data Scientist,1,0,0,0,0,0,0,0,0,0,0,0,0,0,0,113.0
IT Services,Data Scientist,1,0,0,0,0,1,1,1,0,1,0,0,0,0,0,106.0
IT Services,Data Scientist,1,0,0,0,0,0,0,1,0,0,0,0,0,0,0,114.0
IT Services,Data Scientist,1,0,0,0,0,1,1,1,0,1,0,0,0,0,0,114.0
IT Services,Data Scientist,1,0,0,0,0,1,1,1,0,0,0,0,0,0,0,123.0
IT Services,Principal Data Scientist with over 10 years experience,1,0,0,0,0,0,0,1,1,0,0,0,0,0,0,225.0
IT Services,Principal Data Scientist with over 10 years experience,1,0,0,0,0,0,0,1,1,0,0,0,0,0,0,225.0
Industrial Manufacturing,College Hire - Data Scientist - Open to December 2019 Graduates,0,0,0,0,0,0,0,0,1,0,0,0,0,0,0,81.0
Industrial Manufacturing,College Hire - Data Scientist - Open to December 2019 Graduates,0,0,0,0,0,0,0,0,1,0,0,0,0,0,0,81.0
Industrial Manufacturing,Data Engineer I - Azure,0,1,0,0,0,0,1,0,0,0,0,0,0,0,0,77.5
Industrial Manufacturing,Data Scientist,0,0,0,0,0,0,0,0,1,0,0,0,0,0,1,107.5
Industrial Manufacturing,Business Data Analyst,0,0,0,0,0,0,0,0,1,0,0,0,0,0,0,105.0
Industrial Manufacturing,Big Data Engineer,1,0,0,0,0,1,0,0,0,0,0,0,0,0,0,164.0
Industrial Manufacturing,Data Scientist,1,0,0,0,0,0,0,0,0,0,0,0,0,0,0,107.0
Insurance Agencies & Brokerages,Data Scientist,0,0,0,0,0,0,0,0,0,0,0,0,0,0,0,134.0
Insurance Agencies & Brokerages,Data Scientist,0,0,0,0,0,0,0,0,0,0,0,0,0,0,0,43.0
Insurance Agencies & Brokerages,Senior Data Scientist / Machine Learning,0,0,0,0,0,0,0,0,0,0,0,0,0,0,0,96.0
Insurance Agencies & Brokerages,Senior Data Scientist / Machine Learning,0,0,0,0,0,0,0,0,0,0,0,0,0,0,0,96.0
Insurance Agencies & Brokerages,Data Scientist,1,1,0,0,0,0,0,0,0,0,0,0,0,0,0,94.5
Insurance Agencies & Brokerages,Senior Data Scientist,1,1,0,0,0,0,0,0,0,0,0,0,0,0,0,139.0
Insurance Agencies & Brokerages,Data Scientist,1,1,0,0,0,0,0,0,0,0,0,0,0,0,0,115.0
Insurance Agencies & Brokerages,Data Scientist,1,1,0,0,0,0,0,0,0,0,0,0,0,0,0,115.0
Insurance Agencies & Brokerages,Data Analyst,1,0,0,0,0,0,0,0,0,0,0,0,0,0,0,103.0
Insurance Agencies & Brokerages,Data Analyst,1,0,0,0,0,0,0,0,1,0,0,0,0,0,0,105.0
Insurance Carriers,Associate Data Analyst- Graduate Development Program,0,0,0,0,0,0,0,0,0,0,0,0,0,0,0,45.5
Insurance Carriers,Associate Data Analyst- Graduate Development Program,0,0,0,0,0,0,0,0,0,0,0,0,0,0,0,45.5
Insurance Carriers,Associate Data Analyst- Graduate Development Program,0,0,0,0,0,0,0,0,0,0,0,0,0,0,0,45.5
Insurance Carriers,"Assistant Director/Director, Office of Data Science",0,0,0,0,0,0,0,0,0,0,0,0,0,0,0,53.0
Insurance Carriers,IT Associate Data Analyst,0,1,0,0,0,0,0,0,0,0,0,0,0,0,0,54.0
Insurance Carriers,IT Associate Data Analyst,0,1,0,0,0,0,0,0,0,0,0,0,0,0,0,54.0
Insurance Carriers,Data Engineer,0,1,0,0,0,0,0,0,1,0,1,0,0,0,0,83.0
Insurance Carriers,"Director - Data, Privacy and AI Governance",0,0,0,0,0,0,0,0,0,0,0,0,0,0,0,101.0
Insurance Carriers,"Director - Data, Privacy and AI Governance",0,0,0,0,0,0,0,0,0,0,0,0,0,0,0,101.0
Insurance Carriers,Lead Health Data Analyst - Front End,0,1,0,0,0,0,0,1,0,0,0,0,0,0,0,100.0
Insurance Carriers,Senior Research Statistician- Data Scientist,0,0,0,0,0,0,0,0,0,0,0,0,0,0,0,100.5
Insurance Carriers,Business Intelligence Analyst I- Data Insights,0,0,0,0,0,0,0,0,0,0,0,0,0,0,0,154.0
Insurance Carriers,Sr Data Scientist,0,0,0,0,0,0,0,1,0,0,0,0,0,0,0,154.0
Insurance Carriers,Operations Data Analyst,0,0,0,0,0,0,0,0,0,0,0,0,0,0,0,97.0
Insurance Carriers,Senior Research Statistician- Data Scientist,0,0,0,0,0,0,0,0,0,0,0,0,0,0,0,103.0
Insurance Carriers,Data Scientist,0,0,0,0,0,0,0,0,0,0,0,0,0,0,0,114.0
Insurance Carriers,Senior Research Statistician- Data Scientist,0,0,0,0,0,0,0,0,0,0,0,0,0,0,0,107.0
Insurance Carriers,Associate Data Analyst,0,0,0,0,0,0,0,0,0,0,0,0,0,0,0,47.5
Insurance Carriers,Data Analytics Project Manager,0,0,0,0,0,0,0,0,0,0,0,0,0,0,0,63.0
Insurance Carriers,Data Analytics Project Manager,0,0,0,0,0,0,0,0,0,0,0,0,0,0,0,63.0
Insurance Carriers,Data Science Project Manager,0,0,0,0,0,0,0,0,0,0,0,0,0,0,0,68.5
Insurance Carriers,Data Science Project Manager,0,0,0,0,0,0,0,0,0,0,0,0,0,0,0,68.5
Insurance Carriers,Data Analyst,0,1,0,0,0,0,0,0,0,0,0,0,0,0,0,56.5
Insurance Carriers,Data Analyst Senior,0,1,0,0,0,0,0,0,1,0,0,0,0,0,0,66.5
Insurance Carriers,Data Analyst Senior,0,1,0,0,0,0,0,0,1,0,0,0,0,0,0,66.5
Insurance Carriers,IT - Data Engineer II,0,1,0,0,0,1,1,0,0,0,0,0,0,0,0,90.0
Insurance Carriers,IT - Data Engineer II,0,1,0,0,0,1,1,0,0,0,0,0,0,0,0,90.0
Insurance Carriers,IT - Data Engineer II,0,1,0,0,0,1,1,0,0,0,0,0,0,0,0,90.0
Insurance Carriers,Data Modeler (Analytical Systems),0,1,0,0,0,1,1,1,0,0,0,0,0,0,0,91.5
Insurance Carriers,Senior Data Scientist,0,1,0,0,0,0,0,0,0,0,0,0,0,0,0,98.5
Insurance Carriers,Senior Data Scientist,0,1,0,0,0,0,0,0,0,0,0,0,0,0,0,98.5
Insurance Carriers,MongoDB Data Engineer II,0,1,0,0,0,0,0,0,1,0,0,0,0,1,0,106.5
Insurance Carriers,Sr Software Engineer (Data Scientist),0,1,1,0,1,0,0,0,0,0,0,0,0,0,0,110.5
Insurance Carriers,Sr Software Engineer (Data Scientist),0,1,1,0,1,0,0,0,0,0,0,0,0,0,0,110.5
Insurance Carriers,Data Modeler (Analytical Systems),0,0,0,0,0,1,1,0,0,1,0,0,0,0,0,114.0
Insurance Carriers,Data Modeler (Analytical Systems),0,0,0,0,0,1,1,0,0,1,0,0,0,0,0,89.0
Insurance Carriers,Data Modeler (Analytical Systems),0,0,0,0,0,1,1,0,0,1,0,0,0,0,0,92.0
Insurance Carriers,Data Scientist,0,0,0,0,0,0,0,0,0,0,0,0,0,0,0,99.0
Insurance Carriers,Sr. Data Scientist II,1,1,1,1,1,1,1,1,0,0,0,0,1,0,0,147.0
Insurance Carriers,Sr. Data Scientist II,1,1,1,1,1,1,1,1,0,0,0,0,1,0,0,147.0
Insurance Carriers,Lead Data Scientist,1,1,0,0,0,1,1,1,0,0,0,0,1,0,0,164.0
Insurance Carriers,Lead Data Scientist,1,1,0,0,0,1,1,1,0,0,0,0,1,0,0,164.0
Insurance Carriers,"Director II, Data Science - GRS Predictive Analytics",1,0,0,0,0,0,0,0,0,0,0,0,0,0,0,194.5
Insurance Carriers,"Director II, Data Science - GRS Predictive Analytics",1,0,0,0,0,0,0,0,0,0,0,0,0,0,0,194.5
Insurance Carriers,"Director II, Data Science - GRM Actuarial",1,0,0,0,0,0,0,0,0,0,0,0,0,0,0,254.0
Insurance Carriers,"Director II, Data Science - GRM Actuarial",1,0,0,0,0,0,0,0,0,0,0,0,0,0,0,254.0
Insurance Carriers,"Director II, Data Science - GRM Actuarial",1,0,0,0,0,0,0,0,0,0,0,0,0,0,0,254.0
Insurance Carriers,Sr. Data Analyst,1,1,0,0,0,0,0,0,1,0,0,0,0,0,0,81.0
Insurance Carriers,Data Engineer,1,1,0,0,0,0,0,1,0,0,0,0,0,0,0,99.0
Insurance Carriers,Data Engineer,1,1,0,0,0,0,0,1,0,0,0,0,0,0,0,99.0
Insurance Carriers,Data Engineer,1,1,0,0,0,0,0,1,0,0,0,0,0,0,0,99.0
Insurance Carriers,Data Scientist,1,1,1,0,1,1,0,0,0,0,0,0,1,0,0,108.0
Insurance Carriers,"Data Scientist, Office of Data Science",1,0,0,0,0,0,0,0,0,0,0,0,0,0,0,114.5
Insurance Carriers,"Data Scientist, Office of Data Science",1,0,0,0,0,0,0,0,0,0,0,0,0,0,0,114.5
Insurance Carriers,Data Solutions Engineer - Data Modeler,1,0,0,0,0,0,0,0,0,0,0,0,0,0,0,136.0
Insurance Carriers,"Data Engineer (Analytics, SQL, Python, AWS)",1,0,0,0,0,1,0,1,0,1,0,0,0,0,0,114.0
Insurance Carriers,Data Scientist,1,0,0,0,0,0,0,0,0,0,0,0,0,0,0,164.0
Insurance Carriers,Senior Data Scientist,1,0,0,0,0,1,0,1,0,0,0,0,0,0,0,185.0
Insurance Carriers,Lead Data Scientist,1,0,0,0,0,1,1,1,0,0,0,0,0,0,0,76.0
Insurance Carriers,Sr. Data Scientist II,1,0,0,0,0,1,1,1,0,0,0,0,0,0,0,76.0
Insurance Carriers,"Data Engineer (Analytics, SQL, Python, AWS)",1,0,0,0,0,1,0,1,0,1,0,0,0,0,0,89.0
Insurance Carriers,Sr. Data Scientist II,1,0,0,0,0,1,1,1,0,0,0,0,0,0,0,97.0
Insurance Carriers,Data Scientist,1,0,0,0,0,0,0,0,0,0,0,0,0,0,0,105.0
Insurance Carriers,Lead Data Scientist,1,0,0,0,0,1,1,1,0,0,0,0,0,0,0,107.0
Insurance Carriers,Data Scientist,1,0,0,0,0,1,0,0,0,0,0,0,0,0,0,107.0
Insurance Carriers,Data Scientist,1,0,0,0,0,0,0,0,0,0,0,0,0,0,0,123.0
Insurance Carriers,"Enterprise Architect, Data",1,1,0,0,0,1,1,1,1,0,1,0,0,0,0,129.5
Insurance Carriers,"Enterprise Architect, Data",1,1,0,0,0,1,1,1,1,0,1,0,0,0,0,129.5
Insurance Carriers,PL Actuarial-Lead Data Scientist,1,1,0,0,0,0,0,0,0,0,0,0,0,0,0,146.5
Insurance Carriers,PL Actuarial-Lead Data Scientist,1,1,0,0,0,0,0,0,0,0,0,0,0,0,0,146.5
Insurance Carriers,Data Modeler - Data Solutions Engineer,1,1,0,0,0,0,0,0,0,0,1,0,0,0,0,51.5
Insurance Carriers,Data Modeler - Data Solutions Engineer,1,1,0,0,0,0,0,0,0,0,1,0,0,0,0,51.5
Insurance Carriers,Data Engineering Analyst,1,1,0,0,0,1,1,0,0,0,0,0,0,0,0,58.5
Insurance Carriers,Data Scientist,1,1,1,1,1,0,0,0,0,0,0,0,1,0,0,87.5
Insurance Carriers,Data Engineer,1,0,0,0,0,1,0,0,0,0,0,0,0,0,0,92.0
Insurance Carriers,Data Engineer,1,0,0,0,0,1,0,0,0,0,0,0,0,0,0,92.0
Insurance Carriers,Data Engineer,1,1,0,0,0,0,0,0,0,0,0,0,0,0,0,106.0
Insurance Carriers,Data Engineer,1,1,0,0,0,0,0,0,0,0,0,0,0,0,0,110.5
Insurance Carriers,Data Scientist,1,1,0,0,0,1,1,1,1,0,0,0,1,0,0,102.0
Insurance Carriers,"Data Scientist (Actuary, FSA or ASA)",1,1,0,0,0,0,0,0,1,0,0,0,0,0,0,107.0
Insurance Carriers,"Data Scientist (Actuary, FSA or ASA)",1,1,0,0,0,0,0,0,1,0,0,0,0,0,0,107.0
Insurance Carriers,Sr. Data Engineer (ETL Developer),1,1,0,0,0,0,0,0,1,0,0,0,0,0,0,115.5
Insurance Carriers,Sr. Data Engineer (ETL Developer),1,1,0,0,0,0,0,0,1,0,0,0,0,0,0,115.5
Insurance Carriers,Senior Data Scientist,1,0,0,0,0,1,0,0,0,0,0,0,0,0,0,124.5
Insurance Carriers,Senior Data Scientist,1,0,0,0,0,1,0,0,0,0,0,0,0,0,0,124.5
Insurance Carriers,Say Business Data Analyst,1,0,0,0,0,0,0,1,1,0,0,0,0,0,0,133.0
Insurance Carriers,Data Scientist,1,0,0,0,0,0,0,0,1,0,0,0,0,0,0,92.0
Insurance Carriers,Machine Learning Engineer,1,0,0,0,0,1,0,1,0,1,0,0,0,0,0,103.0
Insurance Carriers,"Data Engineer, Enterprise Analytics",1,0,0,0,0,0,0,0,0,1,0,0,0,0,0,105.0
Insurance Carriers,Principal Data & Analytics Platform Engineer,1,0,0,0,0,1,0,1,0,1,0,0,0,0,0,113.0
Insurance Carriers,Data Engineer,1,0,0,0,0,1,1,1,0,0,0,0,0,0,0,123.0
Internet,Senior Data Engineer,0,1,0,0,0,0,0,0,0,0,0,0,0,0,0,136.5
Internet,Senior Data Engineer,0,1,0,0,0,0,0,0,0,0,0,0,0,0,0,136.5
Internet,Lead Data Analyst,0,1,0,0,0,1,0,0,0,0,0,0,0,0,0,47.0
Internet,Lead Data Analyst,0,1,0,0,0,1,0,0,0,0,0,0,0,0,0,47.0
Internet,Data Scientist,1,1,0,0,0,1,1,0,0,0,0,0,0,0,0,127.0
Internet,Data Scientist,1,0,0,0,0,1,0,0,0,0,0,0,0,0,0,140.0
Internet,Data Scientist,1,0,0,0,0,1,0,0,0,0,0,0,0,0,0,140.0
Internet,Staff Machine Learning Engineer,1,1,1,0,0,1,0,0,0,0,0,0,1,0,0,181.0
Internet,Staff Machine Learning Engineer,1,1,1,0,0,1,0,0,0,0,0,0,1,0,0,181.0
Internet,Staff Machine Learning Engineer,1,1,1,0,0,1,0,0,0,0,0,0,1,0,0,181.0
Internet,Lead Data Engineer,1,1,0,0,0,1,0,1,0,0,0,0,0,0,0,205.0
Internet,Lead Data Engineer,1,1,0,0,0,1,0,1,0,0,0,0,0,0,0,205.0
Internet,Lead Data Engineer,1,1,0,0,0,1,0,1,0,0,0,0,0,0,0,205.0
Internet,Manager of Data Science,1,1,1,0,0,1,0,0,0,0,0,0,1,0,0,63.5
Internet,Data Engineer,1,1,0,0,0,0,0,0,0,0,0,0,0,0,0,78.0
Internet,Data Engineer,1,1,0,0,0,1,0,0,0,0,0,0,0,0,0,84.5
Internet,Data Engineer,1,1,0,0,0,1,0,0,0,0,0,0,0,0,0,84.5
Internet,Big Data Engineer - Chicago - Future Opportunity,1,1,0,0,0,1,1,1,0,0,0,0,0,0,0,100.0
Internet,Senior Data Engineer,1,1,0,0,0,1,1,1,0,0,0,0,0,0,0,102.5
Internet,Senior Data Engineer,1,1,0,0,0,1,1,1,0,0,0,0,0,0,0,102.5
Internet,Data Scientist,1,1,0,0,0,1,0,0,0,0,0,0,0,0,0,105.5
Internet,Data Engineer,1,1,0,0,0,1,0,1,0,0,0,0,0,0,0,122.0
Internet,Senior Data Scientist,1,1,0,0,0,0,0,0,0,0,0,0,0,0,0,116.5
Internet,Senior Data Scientist,1,1,0,0,0,0,0,0,0,0,0,0,0,0,0,116.5
Internet,Senior Data Analyst - Finance & Platform Analytics,1,0,0,0,0,0,0,0,1,0,0,0,0,0,0,114.0
Internet,Data Scientist,1,0,0,0,0,1,1,0,0,1,0,0,0,0,0,161.0
Internet,Product Data Scientist - Ads Data Science,1,0,0,0,0,0,0,0,0,0,0,0,0,0,0,161.0
Internet,Senior Data Analyst - Finance & Platform Analytics,1,0,0,0,0,0,0,0,1,0,0,0,0,0,0,164.0
Internet,Data Scientist/Machine Learning,1,0,0,0,0,1,1,0,0,1,0,0,0,0,0,154.0
Internet,Data Scientist,1,0,0,0,0,1,1,0,0,1,0,0,0,0,0,185.0
Internet,Senior Data Analyst,1,0,0,0,0,0,0,0,1,0,0,0,0,0,0,76.0
Internet,Data Scientist,1,0,0,0,0,1,0,1,0,1,0,0,0,0,0,92.0
Internet,Data Scientist/Machine Learning,1,0,0,0,0,1,1,0,0,1,0,0,0,0,0,97.0
Internet,Senior Data Analyst,1,0,0,0,0,0,0,0,1,0,0,0,0,0,0,97.0
Internet,Product Data Scientist - Ads Data Science,1,0,0,0,0,0,0,0,0,0,0,0,0,0,0,103.0
Internet,Data Scientist,1,0,0,0,0,0,0,0,1,0,0,0,0,0,0,105.0
Internet,"Data Science Manager, Payment Acceptance - USA",1,0,0,0,0,0,0,0,0,0,0,0,0,0,0,105.0
Internet,Data Scientist,1,0,0,0,0,1,0,1,0,0,0,0,0,0,0,105.0
Internet,Data Scientist,1,0,0,0,0,0,0,0,1,0,0,0,0,0,0,106.0
Internet,Data Scientist,1,0,0,0,0,0,1,0,1,1,0,0,0,0,0,120.0
Internet,Data Scientist,1,0,0,0,0,1,0,1,0,0,0,0,0,0,0,107.0
Internet,Senior Data Engineer,1,0,0,0,0,1,0,0,0,0,0,0,0,0,0,115.0
Internet,Health Data Scientist - Biomedical/Biostats,1,0,0,0,0,0,0,0,0,0,0,0,0,0,0,115.0
Internet,Lead Big Data Engineer,1,0,0,0,0,1,1,1,0,0,0,0,0,0,0,162.0
Internet,Lead Big Data Engineer,1,0,0,0,0,1,1,1,0,0,0,0,0,0,0,162.0
Internet,Sr. Data Analyst,1,1,0,0,0,1,0,0,0,0,0,0,0,0,0,83.0
Internet,Data Engineer,1,1,0,0,0,0,0,1,0,0,0,0,0,0,0,87.5
Internet,Data Engineer,1,1,0,0,0,1,1,1,0,0,0,0,0,0,0,88.0
Internet,Senior Data Scientist,1,0,0,0,0,1,1,0,0,0,0,0,0,0,0,164.0
Internet,Senior Analyst/Data Scientist,1,0,0,0,0,0,0,1,1,0,0,0,0,0,0,183.0
Internet,Senior Data Engineer,1,0,0,0,0,0,0,1,0,0,0,0,0,0,0,89.0
Internet,Senior Analyst/Data Scientist,1,0,0,0,0,0,0,1,1,0,0,0,0,0,0,103.0
Investment Banking & Asset Management,Data Scientist - Alpha Insights,0,0,0,0,0,0,0,0,0,0,0,0,0,0,0,172.0
Investment Banking & Asset Management,Machine Learning Engineer/Scientist,0,0,0,0,0,0,0,0,0,0,0,0,0,0,0,106.0
Investment Banking & Asset Management,Machine Learning Engineer/Scientist,0,0,0,0,0,0,0,0,0,0,0,0,0,0,0,113.0
Investment Banking & Asset Management,Insurance Financial Data Analyst,0,1,0,0,0,0,0,0,0,0,0,0,0,0,0,63.5
Investment Banking & Asset Management,Data Scientist,0,1,0,0,0,0,0,0,0,0,0,0,0,0,0,116.5
Investment Banking & Asset Management,RFP Data Analyst,0,0,0,0,0,1,0,0,0,0,0,0,0,0,0,115.0
Investment Banking & Asset Management,"Risk and Analytics IT, Data Scientist",1,1,0,0,0,0,0,0,1,0,1,0,0,0,0,120.0
Investment Banking & Asset Management,"Risk and Analytics IT, Data Scientist",1,1,0,0,0,0,0,0,1,0,1,0,0,0,0,120.0
Investment Banking & Asset Management,Data Architect,1,0,0,0,0,1,1,1,0,1,0,0,0,0,0,164.0
Investment Banking & Asset Management,Data Scientist,1,0,0,0,0,0,0,0,0,0,0,0,0,0,0,43.0
Investment Banking & Asset Management,Data Engineer,1,0,0,0,0,0,0,0,0,0,0,0,0,0,0,105.0
Investment Banking & Asset Management,Data Scientist - Risk,1,0,0,0,0,1,1,1,1,1,0,0,0,0,0,154.0
Investment Banking & Asset Management,Equity Data Insights Analyst - Quantitative Analyst,1,0,0,0,0,0,0,0,1,0,0,0,0,0,0,97.0
Investment Banking & Asset Management,Data Scientist - Risk,1,0,0,0,0,1,1,1,1,1,0,0,0,0,0,97.0
Investment Banking & Asset Management,Data Scientist,1,0,0,0,0,0,0,0,0,0,0,0,0,0,0,103.0
Investment Banking & Asset Management,Data Analyst,1,0,0,0,0,0,0,0,0,0,0,0,0,0,0,103.0
Investment Banking & Asset Management,Data Scientist,1,0,0,0,0,0,0,0,0,0,0,0,0,0,0,113.0
Investment Banking & Asset Management,Data Analyst/Engineer,1,0,0,0,0,0,0,0,0,0,0,0,0,0,0,115.0
K-12 Education,Senior Data Scientist,0,1,0,0,0,0,0,1,1,0,0,0,0,1,0,169.0
K-12 Education,Data Scientist,0,1,0,0,0,0,1,0,0,0,0,0,0,0,0,96.0
K-12 Education,Data Analyst,1,1,0,0,0,0,0,0,0,0,0,0,0,0,0,59.5
K-12 Education,Machine Learning Engineer (NLP),1,0,1,0,1,0,0,1,0,0,0,0,0,0,0,111.0
Lending,Report Writer-Data Analyst,0,0,0,0,0,0,0,0,0,0,0,0,0,0,0,92.0
Lending,Analytics - Business Assurance Data Analyst,0,1,0,0,0,0,0,0,1,0,0,0,0,0,0,43.0
Lending,Analytics - Business Assurance Data Analyst,0,1,0,0,0,0,0,0,1,0,0,0,0,0,0,43.0
Lending,"Technology-Minded, Data Professional Opportunities",0,1,0,0,0,1,1,0,1,0,0,0,0,1,0,70.5
Lending,"Technology-Minded, Data Professional Opportunities",0,1,0,0,0,1,1,0,1,0,0,0,0,1,0,70.5
Lending,Data Scientist,0,0,0,0,0,0,0,0,0,0,0,0,0,0,0,87.0
Lending,Analytics - Business Assurance Data Analyst,0,0,0,0,0,0,0,0,1,0,0,0,0,0,0,161.0
Lending,Analytics - Business Assurance Data Analyst,0,0,0,0,0,0,0,0,1,0,0,0,0,0,0,185.0
Lending,Analytics - Business Assurance Data Analyst,0,0,0,0,0,0,0,0,1,0,0,0,0,0,0,76.0
Lending,Data Science Analyst,1,0,0,0,0,0,0,0,0,0,0,0,0,0,0,89.0
Lending,Senior Data Engineer,1,0,0,0,0,1,1,1,0,1,0,0,0,0,0,99.0
Lending,Data Scientist,1,0,0,0,0,0,0,0,0,0,0,0,0,0,0,99.0
Lending,Data Engineer,1,1,0,0,0,0,0,1,1,0,0,0,0,0,0,101.0
Lending,"VP, Data Science",1,1,1,1,0,0,0,0,0,0,0,0,0,0,0,124.5
Lending,"VP, Data Science",1,1,1,1,0,0,0,0,0,0,0,0,0,0,0,124.5
Logistics & Supply Chain,Data Scientist,0,0,0,0,0,0,0,0,0,0,0,0,0,0,0,106.0
Logistics & Supply Chain,Data Scientist,1,1,0,0,0,0,0,0,1,0,0,0,0,0,0,84.0
Logistics & Supply Chain,Data Scientist,1,1,0,0,0,0,0,0,1,0,0,0,0,0,0,84.0
Logistics & Supply Chain,Data Scientist - Quantitative,1,1,0,0,0,0,0,1,0,0,0,0,0,1,0,112.5
Logistics & Supply Chain,Data Scientist - Quantitative,1,1,0,0,0,0,0,1,0,0,0,0,0,1,0,112.5
Metals Brokers,Senior Data Scientist,1,1,0,0,0,0,0,1,1,0,1,0,0,0,0,107.0
Metals Brokers,Senior Data Scientist,1,1,0,0,0,0,0,1,1,0,1,0,0,0,0,107.0
Mining,Data Scientist,1,0,1,0,0,0,0,0,0,0,0,0,0,0,0,98.0
Miscellaneous Manufacturing,Senior Business Intelligence Analyst,0,0,0,0,0,0,0,0,0,0,0,0,0,0,0,134.0
Miscellaneous Manufacturing,Senior Business Intelligence Analyst,0,0,0,0,0,0,0,0,0,0,0,0,0,0,0,43.0
Miscellaneous Manufacturing,Senior Business Intelligence Analyst,0,0,0,0,0,0,0,0,0,0,0,0,0,0,0,92.0
Motion Picture Production & Distribution,Data Engineer I,0,0,0,0,0,0,0,0,0,0,0,0,0,0,0,146.0
News Outlet,Data Scientist,1,0,0,0,0,0,0,0,0,0,0,0,0,0,0,107.0
Oil & Gas Services,In-Line Inspection Data Analyst,0,0,0,0,0,0,0,0,0,0,0,0,0,0,0,43.0
Oil & Gas Services,In-Line Inspection Data Analyst,0,0,0,0,0,0,0,0,0,0,0,0,0,0,0,92.0
Other Retail Stores,Data Scientist,1,0,0,0,0,0,0,0,0,0,0,0,0,0,0,163.5
Other Retail Stores,Data Scientist,1,0,0,0,0,1,0,0,0,0,0,0,0,0,0,183.0
Other Retail Stores,Data Scientist,1,0,0,0,0,0,0,0,1,0,0,0,0,0,0,136.0
Other Retail Stores,Data Scientist,1,0,0,0,0,1,1,0,0,0,0,0,0,0,0,183.0
Publishing,Data Scientist,1,0,0,0,0,1,1,1,0,0,0,0,0,0,0,271.0
Rail,Data Scientist,1,0,0,0,0,0,0,1,0,0,0,0,0,0,0,114.0
Real Estate,Data Analyst - Asset Management,0,1,0,0,0,0,0,0,0,0,0,0,0,0,0,103.5
Real Estate,Data Scientist,1,1,0,0,0,0,0,0,0,0,0,0,0,0,0,96.0
Real Estate,Data Scientist,1,1,0,0,0,0,0,0,0,0,0,0,0,0,0,96.0
Real Estate,Staff Data Scientist - Pricing,1,0,0,0,0,0,0,1,0,0,0,0,0,0,0,97.0
Real Estate,Senior Data Scientist,1,1,0,0,0,1,1,0,1,0,1,0,1,0,0,130.0
Real Estate,Senior Data Scientist,1,1,0,0,0,1,1,0,1,0,1,0,1,0,0,130.0
Real Estate,Data Scientist,1,1,0,0,0,0,0,1,0,0,1,0,0,1,0,95.0
Real Estate,Data Scientist,1,1,0,0,0,0,0,1,0,0,1,0,0,1,0,95.0
Real Estate,Data Engineer,1,1,0,0,0,1,1,0,0,0,0,0,0,1,0,92.5
Real Estate,Data Scientist,1,0,0,0,0,0,0,0,0,0,0,0,0,0,0,133.0
Real Estate,Data Scientist,1,0,0,0,0,0,0,1,1,0,0,0,0,0,0,120.0
Religious Organizations,Data Analyst 2 (Missionary Department),0,1,0,0,0,0,0,0,1,0,0,0,0,0,0,72.0
Religious Organizations,"Data Analyst 1, full-time contract worker for up to 12 months",0,1,0,0,0,0,0,1,0,0,0,0,0,0,0,50.0
Religious Organizations,"Data Analyst 1, full-time contract worker for up to 12 months",0,1,0,0,0,0,0,1,0,0,0,0,0,0,0,50.0
Religious Organizations,Data Engineer 4 - Contract,0,0,0,0,0,0,0,1,0,0,0,0,0,0,0,87.0
Religious Organizations,Data Engineer 5 - Contract (Remote),0,0,0,0,0,0,0,0,0,0,0,0,0,0,0,107.0
Religious Organizations,Data Engineer 5 - Contract (Remote),0,0,0,0,0,0,0,0,0,0,0,0,0,0,0,107.0
Research & Development,Research Scientist / Principal Research Scientist - Multiphysical Systems,0,0,0,0,0,0,0,0,0,0,0,0,0,0,0,167.5
Research & Development,RESEARCH SCIENTIST - BIOLOGICAL SAFETY,0,0,0,0,0,0,0,0,0,0,0,0,0,0,0,60.0
Research & Development,Senior Research Analytical Scientist-Non-Targeted Analysis,0,0,0,0,0,0,0,0,0,0,0,0,0,0,0,65.5
Research & Development,Senior Research Analytical Scientist-Non-Targeted Analysis,0,0,0,0,0,0,0,0,0,0,0,0,0,0,0,65.5
Research & Development,Clinical Data Analyst,0,0,0,0,0,0,0,0,0,0,0,0,0,0,0,70.5
Research & Development,Data Scientist,0,1,0,0,0,0,1,0,0,0,0,0,0,0,0,85.0
Research & Development,Data Scientist,0,1,0,0,0,0,1,0,0,0,0,0,0,0,0,85.0
Research & Development,Data Engineer,0,1,0,0,0,0,1,0,0,0,0,0,0,0,0,92.0
Research & Development,Scientist - Machine Learning,0,0,0,0,0,0,0,0,0,0,0,0,0,0,0,114.0
Research & Development,Data Scientist,0,0,0,0,0,0,1,0,0,1,0,0,0,0,0,154.0
Research & Development,Scientist - Machine Learning,0,0,0,0,0,0,0,0,0,0,0,0,0,0,0,271.0
Research & Development,Data Scientist,0,0,0,0,0,0,0,0,0,0,0,0,0,0,0,15.5
Research & Development,Data Analyst,0,1,0,0,0,0,0,0,0,0,0,0,0,0,0,62.0
Research & Development,Associate Data Engineer,0,1,0,0,0,1,0,1,0,0,0,0,0,0,0,65.5
Research & Development,Associate Data Engineer,0,1,0,0,0,1,0,1,0,0,0,0,0,0,0,65.5
Research & Development,Scientist,0,0,0,0,0,0,0,0,0,0,0,0,0,0,0,76.0
Research & Development,Research Scientist or Senior Research Scientist - Computer Vision,0,0,1,0,1,0,0,1,0,0,0,0,0,0,0,121.0
Research & Development,Environmental Data Science,0,0,0,0,0,0,0,0,0,0,0,0,0,0,0,107.0
Research & Development,Data Scientist,1,0,1,1,1,1,0,0,0,0,0,0,1,0,0,121.0
Research & Development,Senior Data Analyst,1,0,0,0,0,1,1,0,1,1,0,0,0,0,0,133.0
Research & Development,Senior Data Scientist,1,0,0,0,0,1,1,0,1,1,0,0,0,0,0,105.0
Research & Development,Senior Data Scientist,1,0,0,0,0,1,1,0,1,1,0,0,0,0,0,114.0
Research & Development,Data Engineer,1,1,0,0,0,0,0,1,0,0,0,0,0,0,0,64.5
Research & Development,Data Engineer,1,1,0,0,0,0,0,1,0,0,0,0,0,0,0,64.5
Research & Development,RESEARCH COMPUTER SCIENTIST - RESEARCH ENGINEER - SR. COMPUTER SCIENTIST - SOFTWARE DEVELOPMENT,1,1,0,0,0,0,0,1,0,0,0,0,0,0,0,71.5
Research & Development,RESEARCH COMPUTER SCIENTIST - RESEARCH ENGINEER - SR. COMPUTER SCIENTIST - SOFTWARE DEVELOPMENT,1,1,0,0,0,0,0,1,0,0,0,0,0,0,0,71.5
Research & Development,ENGINEER - COMPUTER SCIENTIST - RESEARCH COMPUTER SCIENTIST - SIGNAL PROCESSING - SAN ANTONIO OR,1,0,0,0,0,0,0,0,0,0,0,0,0,0,0,114.0
Research & Development,COMPUTER SCIENTIST - ENGINEER - RESEARCH COMPUTER SCIENTIST - SIGNAL PROCESSING,1,0,0,0,0,0,0,0,0,0,0,0,0,0,0,271.0
Research & Development,ENGINEER - COMPUTER SCIENTIST - RESEARCH COMPUTER SCIENTIST - SIGNAL PROCESSING - SAN ANTONIO OR,1,0,0,0,0,0,0,0,0,0,0,0,0,0,0,271.0
Research & Development,"VP, Data Science",1,0,0,0,0,1,0,0,0,0,0,0,0,0,0,43.0
Research & Development,COMPUTER SCIENTIST - ENGINEER - RESEARCH COMPUTER SCIENTIST - TRANSPORTATION TECHNOLOGY,1,0,0,0,0,0,0,0,0,0,0,0,0,0,0,89.0
Research & Development,Data Engineer,1,0,0,0,0,0,0,1,0,1,0,0,0,0,0,92.0
Research & Development,ENGINEER - COMPUTER SCIENTIST - RESEARCH COMPUTER SCIENTIST - SIGNAL PROCESSING - SAN ANTONIO OR,1,0,0,0,0,0,0,0,0,0,0,0,0,0,0,92.0
Research & Development,Data Scientist,1,0,0,0,0,0,0,0,0,1,0,0,0,0,0,106.0
Research & Development,"VP, Data Science",1,0,0,0,0,1,0,0,0,0,0,0,0,0,0,113.0
Research & Development,ENGINEER - COMPUTER SCIENTIST - RESEARCH COMPUTER SCIENTIST - SIGNAL PROCESSING - SAN ANTONIO OR,1,0,0,0,0,0,0,0,0,0,0,0,0,0,0,123.0
Security Services,Data Scientist,1,1,0,0,0,0,0,0,0,0,0,0,0,0,0,85.5
Security Services,Senior Data Engineer,1,1,1,0,0,1,0,0,0,0,0,0,0,0,0,138.5
Security Services,Senior Data Engineer,1,1,1,0,0,1,0,0,0,0,0,0,0,0,0,138.5
Security Services,Senior Data Analyst,1,1,0,0,0,0,0,0,0,0,0,0,0,0,0,61.0
Security Services,Senior Data Analyst,1,1,0,0,0,0,0,0,0,0,0,0,0,0,0,61.0
Security Services,Data Scientist,1,1,0,0,0,1,0,0,0,0,0,0,0,0,0,85.0
Security Services,Data Scientist,1,1,0,0,0,1,0,0,0,0,0,0,0,0,0,85.0
Shipping,Business Intelligence Analyst,1,0,0,0,0,0,0,0,1,0,0,0,0,0,0,115.0
Social Assistance,Foundational Community Supports Data Analyst,0,1,0,0,0,0,0,1,0,0,0,0,0,0,0,44.5
Social Assistance,Data Analyst,0,0,0,0,0,0,0,0,0,0,0,0,0,0,0,47.5
Social Assistance,Research Scientist,0,0,0,0,0,0,0,0,0,0,0,0,0,0,0,52.5
Social Assistance,Data Scientist,1,0,0,0,0,0,0,1,0,0,0,0,0,0,0,43.0
Sporting Goods Stores,Data Scientist,1,1,1,0,1,0,0,0,0,0,0,0,0,0,0,85.0
Sporting Goods Stores,Data Scientist,1,1,1,0,1,0,0,0,0,0,0,0,0,0,0,85.0
Staffing & Outsourcing,Data Scientist,0,0,0,0,0,0,0,0,0,0,0,0,0,0,0,134.0
Staffing & Outsourcing,Data Scientist,0,0,0,0,0,0,0,0,0,0,0,0,0,0,0,43.0
Staffing & Outsourcing,Data Scientist,0,0,0,0,0,0,0,0,0,0,0,0,0,0,0,89.0
Staffing & Outsourcing,Data Scientist,0,0,0,0,0,0,0,0,0,0,0,0,0,0,0,114.0
Staffing & Outsourcing,Data Scientist,0,0,0,0,0,0,0,0,0,0,0,0,0,0,0,107.0
Staffing & Outsourcing,Data Science Manager,0,0,0,0,0,0,0,0,0,0,0,0,0,0,0,127.5
Staffing & Outsourcing,Data Science Manager,0,0,0,0,0,0,0,0,0,0,0,0,0,0,0,127.5
Staffing & Outsourcing,Data Scientist,0,0,0,0,0,0,0,0,0,0,0,0,0,0,0,133.0
Staffing & Outsourcing,Product Manager/Data Evangelist,1,1,0,0,0,0,0,1,0,0,0,0,0,0,0,74.0
Staffing & Outsourcing,Lead Data Engineer (Python),1,0,0,0,0,0,0,1,0,0,0,0,0,0,0,94.5
Staffing & Outsourcing,Lead Data Engineer (Python),1,0,0,0,0,0,0,1,0,0,0,0,0,0,0,94.5
Staffing & Outsourcing,Data Scientist,1,1,0,0,0,1,1,1,0,0,0,0,0,0,0,128.5
Staffing & Outsourcing,Data Scientist,1,1,0,0,0,1,1,1,0,0,0,0,0,0,0,128.5
Staffing & Outsourcing,Data Scientist,1,0,0,0,0,1,1,0,0,1,0,0,0,0,0,136.0
Staffing & Outsourcing,Data Scientist,1,0,0,0,0,0,0,0,0,0,0,0,0,0,0,114.0
Staffing & Outsourcing,Data Scientist,1,0,0,0,0,0,0,0,0,0,0,0,0,0,0,114.0
Staffing & Outsourcing,Data Scientist,1,0,0,0,0,1,1,0,0,0,0,0,0,0,0,161.0
Staffing & Outsourcing,Data Scientist,1,0,0,0,0,0,0,0,0,0,0,0,0,0,0,161.0
Staffing & Outsourcing,Senior Data Scientist,1,0,0,0,0,0,1,0,0,0,0,0,0,0,0,164.0
Staffing & Outsourcing,Data Scientist,1,0,0,0,0,0,0,0,0,0,0,0,0,0,0,183.0
Staffing & Outsourcing,Data Scientist,1,0,0,0,0,0,0,0,0,0,0,0,0,0,0,271.0
Staffing & Outsourcing,Data Scientist,1,0,0,0,0,0,0,0,0,0,0,0,0,0,0,271.0
Staffing & Outsourcing,Data Scientist - Image and Video Analytics,1,0,0,0,0,1,1,1,0,0,0,0,0,0,0,89.0
Staffing & Outsourcing,Data Scientist,1,0,0,0,0,1,1,1,0,1,0,0,0,0,0,92.0
Staffing & Outsourcing,Data Scientist - Image and Video Analytics,1,0,0,0,0,1,1,1,0,0,0,0,0,0,0,105.0
Staffing & Outsourcing,Data Scientist - Machine Learning,1,0,0,0,0,1,0,0,0,0,0,0,0,0,0,106.0
Staffing & Outsourcing,Data Scientist,1,0,0,0,0,0,0,0,0,0,0,0,0,0,0,113.0
Staffing & Outsourcing,Data Analyst,1,0,0,0,0,1,1,0,1,1,0,0,0,0,0,99.0
Staffing & Outsourcing,Data Scientist,1,0,0,0,0,0,0,0,0,0,0,0,0,0,0,107.0
Staffing & Outsourcing,"Sr. Data Scientist, Cyber-Security LT Contract",1,0,0,0,0,1,1,1,0,0,0,0,1,0,0,155.0
Staffing & Outsourcing,Data Analytics Manager,1,1,0,0,0,0,0,1,1,0,0,0,0,0,0,40.5
Staffing & Outsourcing,Data Engineer,1,1,0,0,0,1,1,1,0,0,0,0,0,0,0,91.5
Staffing & Outsourcing,Data Scientist,1,0,0,0,0,0,0,0,1,0,0,0,0,0,0,114.0
Staffing & Outsourcing,Data Scientist,1,0,0,0,0,0,0,0,1,0,0,0,0,0,0,185.0
Staffing & Outsourcing,Data Scientist(s)/Machine Learning Engineer,1,0,0,0,0,0,0,0,0,0,0,0,0,0,0,271.0
Staffing & Outsourcing,Data Scientist,1,0,0,0,0,0,0,0,1,0,0,0,0,0,0,89.0
Staffing & Outsourcing,Data Scientist,1,0,0,0,0,1,1,0,0,0,0,0,0,0,0,92.0
Staffing & Outsourcing,Data Scientist,1,0,0,0,0,0,0,0,1,0,0,0,0,0,0,92.0
Staffing & Outsourcing,Data Scientist - Intermediate,1,0,0,0,0,0,0,0,0,0,0,0,0,0,0,92.0
Staffing & Outsourcing,Data Scientist - Intermediate,1,0,0,0,0,0,0,0,0,0,0,0,0,0,0,103.0
Staffing & Outsourcing,Data Scientist,1,0,0,0,0,0,0,1,0,0,0,0,0,0,0,92.0
Staffing & Outsourcing,Data Scientist,1,0,0,0,0,0,1,0,1,0,0,0,0,0,0,114.0
Staffing & Outsourcing,Data Scientist,1,0,0,0,0,0,0,0,1,0,0,0,0,0,0,120.0
Staffing & Outsourcing,Data Scientist(s)/Machine Learning Engineer,1,0,0,0,0,0,0,0,0,0,0,0,0,0,0,123.0
Staffing & Outsourcing,Data Scientist,1,0,0,0,0,0,0,1,0,0,0,0,0,0,0,107.0
Staffing & Outsourcing,Data Scientist,1,0,0,0,0,0,1,0,1,0,0,0,0,0,0,107.0
State & Regional Agencies,Data Scientist,1,0,0,0,0,0,1,0,0,1,0,0,0,0,0,183.0
Stock Exchanges,Machine Learning Engineer - Regulatory,1,1,0,0,0,0,1,0,0,0,0,0,0,0,0,87.0
Stock Exchanges,Machine Learning Engineer - Regulatory,1,1,0,0,0,0,1,0,0,0,0,0,0,0,0,87.0
Stock Exchanges,Machine Learning Engineer - Regulatory,1,1,0,0,0,0,1,0,0,0,0,0,0,0,0,87.0
TV Broadcast & Cable Networks,Data Scientist,1,1,0,0,0,0,0,0,1,0,0,0,0,0,0,107.5
TV Broadcast & Cable Networks,Data Scientist,1,1,1,1,0,1,1,0,1,0,0,0,1,1,1,128.0
Telecommunications Manufacturing,Market Data Analyst,0,0,0,0,0,0,0,0,0,0,0,0,0,0,0,44.0
Telecommunications Manufacturing,Market Data Analyst,0,0,0,0,0,0,0,0,0,0,0,0,0,0,0,44.0
Telecommunications Manufacturing,Data Scientist,0,0,0,0,0,0,0,0,0,0,0,0,0,0,0,97.0
Telecommunications Services,Data Scientist,1,0,0,0,0,1,1,0,0,0,0,0,0,0,0,106.0
Telecommunications Services,Senior Data Scientist,1,0,1,0,0,1,0,1,0,0,0,1,1,0,0,142.0
Telecommunications Services,Senior Data Scientist,1,0,1,0,0,1,0,1,0,0,0,1,1,0,0,142.0
Telecommunications Services,Data Scientist,1,1,1,1,0,1,0,0,0,0,0,0,1,1,0,121.0
Telecommunications Services,Data Scientist,1,1,1,1,0,1,0,0,0,0,0,0,1,1,0,121.0
Telecommunications Services,Data Analyst,1,0,0,0,0,0,0,0,0,0,0,0,0,0,0,133.0
Telecommunications Services,Sr. ML/Data Scientist - AI/NLP/Chatbot,1,0,0,0,0,1,0,1,0,0,0,0,0,0,0,136.0
Telecommunications Services,Sr. ML/Data Scientist - AI/NLP/Chatbot,1,0,0,0,0,1,0,1,0,0,0,0,0,0,0,99.0
Telecommunications Services,Sr. ML/Data Scientist - AI/NLP/Chatbot,1,0,0,0,0,1,0,1,0,0,0,0,0,0,0,115.0
Timber Operations,Data Scientist,1,0,0,0,0,0,0,0,0,0,0,0,0,0,0,92.0
Timber Operations,Data Scientist,1,0,0,0,0,0,0,0,0,0,0,0,0,0,0,113.0
Transportation Equipment Manufacturing,Data Scientist,1,0,0,0,0,0,0,0,0,1,0,0,0,0,0,97.0
Transportation Equipment Manufacturing,Senior Data Scientist,1,1,0,0,0,1,0,1,0,0,1,0,0,0,0,104.5
Transportation Equipment Manufacturing,Data Scientist,1,0,0,0,0,1,1,0,0,1,0,0,0,0,0,183.0
Transportation Management,Sr. Data Engineer,0,1,0,0,0,0,0,0,0,0,0,0,0,0,0,107.5
Transportation Management,Sr. Data Engineer,0,1,0,0,0,0,0,0,0,0,0,0,0,0,0,107.5
Transportation Management,Sr. Data Engineer,0,1,0,0,0,0,0,0,0,0,0,0,0,0,0,107.5
Transportation Management,Data Scientist,1,0,0,0,0,0,0,0,0,1,0,0,0,0,0,107.0
Travel Agencies,"Business Data Analyst, SQL",0,1,0,0,0,0,0,0,1,0,1,0,0,0,0,65.0
Travel Agencies,"Marketing Data Analyst, May 2020 Undergrad",0,1,0,0,0,0,0,0,0,0,0,0,0,0,0,65.0
Travel Agencies,"Marketing Data Analyst, May 2020 Undergrad",0,1,0,0,0,0,0,0,0,0,0,0,0,0,0,65.0
Travel Agencies,Associate Machine Learning Engineer / Data Scientist May 2020 Undergrad,1,0,0,0,0,1,0,0,0,0,0,0,0,0,0,74.5
Travel Agencies,Associate Machine Learning Engineer / Data Scientist May 2020 Undergrad,1,0,0,0,0,1,0,0,0,0,0,0,0,0,0,74.5
Travel Agencies,Sr. Data Scientist,1,1,0,0,0,0,0,0,0,0,0,0,0,0,0,105.0
Travel Agencies,Sr. Data Scientist,1,0,0,0,0,0,0,0,0,0,0,0,0,0,0,114.0
Travel Agencies,Sr. Data Scientist,1,0,0,0,0,0,0,0,0,0,0,0,0,0,0,89.0
Travel Agencies,Business Data Analyst,1,1,0,0,0,0,0,0,0,0,1,0,0,0,1,53.5
Travel Agencies,Business Data Analyst,1,1,0,0,0,0,0,0,0,0,1,0,0,0,1,53.5
Trucking,Business Intelligence Analyst / Developer,0,1,0,0,0,0,0,0,0,0,0,0,0,0,0,79.0
Utilities,Associate Data Scientist,0,0,0,0,0,1,1,0,0,0,0,0,0,0,0,103.0
Utilities,Data Integration and Modeling Engineer,0,0,0,0,0,0,0,0,0,0,0,0,0,0,0,99.0
Utilities,Associate Data Scientist,0,0,0,0,0,1,1,0,0,0,0,0,0,0,0,120.0
Venture Capital & Private Equity,Data Engineer,1,0,0,0,0,0,0,1,0,0,0,0,0,0,0,133.0
Venture Capital & Private Equity,Data Engineer,1,0,0,0,0,0,0,1,0,0,0,0,0,0,0,97.0
Video Games,Data Engineer,0,0,0,0,0,1,1,0,0,1,0,0,0,0,0,99.0
Video Games,Data Analyst,0,0,0,0,0,0,0,0,1,0,0,0,0,0,0,115.0
Video Games,Data Analyst,1,1,0,0,0,0,1,0,1,0,0,0,0,0,0,92.5
Video Games,Data Engineer,1,1,0,0,0,1,0,1,0,0,0,0,0,1,0,113.0
Video Games,Data Engineer,1,1,0,0,0,1,0,1,0,0,0,0,0,1,0,113.0
Video Games,Data Scientist,1,0,0,0,0,1,0,1,1,0,0,0,0,0,0,183.0
Wholesale,Data Analyst,0,0,0,0,0,0,0,0,0,0,0,0,0,0,0,53.5
Wholesale,"Director, Data Science",1,1,0,0,0,0,0,0,0,0,0,0,0,0,0,179.5
Wholesale,Data Scientist,1,1,0,0,0,0,0,0,1,0,0,0,0,0,0,76.5
Wholesale,Data Scientist,1,0,0,0,0,0,0,0,1,0,0,0,0,0,0,136.0
Wholesale,Data Scientist,1,0,0,0,0,0,0,0,1,0,0,0,0,0,0,271.0
Wholesale,Data Scientist,1,0,0,0,0,1,1,1,1,1,0,0,0,0,0,123.0
